data,ciutat,categoria,import
2024-11-04,Barcelona,Roba,74.07
2024-02-22,Girona,Esport,213.85
2024-01-03,Madrid,Esport,282.82
2024-12-21,Saragossa,Llar,296.69
2024-01-25,"Barcelona, ES",Llibres,142.55
2024-04-25,Madrid,Electrònica,182.69
2024-06-20,Madrid,Electrònica,270.43
2024-07-03,Sevilla,Joguines,443.3
2024-06-19,Barcelona,Electrònica,NA
2024-04-25,Madrid,Electrònica,433.91
2024-07-09,València,Joguines,188.24
2024-04-22,Madrid,Llibres,306.52
2024-03-18,Saragossa,Alimentació,138.62
2024-11-23,Sevilla,Llibres,385.32
2024-01-08,Málaga,Joguines,137.53
2024-04-19,Málaga,Roba,252.12
2024-11-15,Barcelona,Alimentació,282.88
2024-05-24,Sevilla,Esport,113.56
2024-03-17,València,Joguines,NA
2024-02-05,Bilbao,Joguines,300.22
2024-07-13,Sevilla,Llar,485.68
2024-01-22,Saragossa,Llibres,376.68
2024-11-11,Barcelona,Llar,6.61
2024-12-24,Madrid,Esport,256.3
2024-02-28,Bilbao,Joguines,306.44
2024-03-12,Girona,Esport,461.6
2024-01-20,Madrid,Electrònica,184.68
2024-05-08,Barcelona,Esport,47.4
2024-08-27,Barcelona,Joguines,67.25
2024-11-16,Alacant,Alimentació,436.85
2024-07-07,Alacant,Joguines,104.57
2024-05-13,Alacant,Llibres,450.31
2024-08-04,Madrid,Electrònica,296.21
2024-04-19,Madrid,Electrònica,34.14
2024-02-02,Málaga,Electrònica,142.85
2024-08-07,Sevilla,Llibres,287.67
2024-08-08,"Barcelona, ES",Joguines,51.69
2024-11-14,Madrid,Llar,365.89
2024-11-21,Alacant,Electrònica,365.47
2024-02-08,Barcelona,Esport,213.83
2024-05-15,Madrid,Electrònica,431.37
2024-09-04,Barcelona,Esport,484.65
2024-04-06,València,Llar,203.51
2024-01-06,Madrid,Llar,393.11
2024-08-10,València,Llibres,280.11
2024-12-16,Barcelona,Roba,33.95
2024-12-18,Barcelona,Roba,NA
2024-10-16,València,Joguines,33.16
2024-09-03,Málaga,Electrònica,339.23
2024-04-13,Barcelona,Esport,299.29
2024-10-03,València,Esport,161.6
2024-05-07,Bilbao,Roba,200.91
2024-11-21,Madrid,Roba,468.19
2024-01-15,Bilbao,Esport,41.26
2024-04-17,Madrid,Roba,440.24
2024-06-10,Barcelona,Joguines,154.75
2024-11-17,Barcelona,Joguines,466.22
2024-02-05,Madrid,Electrònica,81.95
2024-05-20,Madrid,Roba,318.95
2024-05-17,València,Joguines,NA
2024-11-14,Málaga,Electrònica,
2024-03-21,Alacant,Alimentació,278.08
2024-07-18,Barcelona,Electrònica,347.05
2024-03-18,Barcelona,Roba,78.31
2024-03-02,Madrid,Joguines,24.75
2024-06-07,Saragossa,Llibres,391.16
2024-07-20,Girona,Alimentació,488.22
2024-03-14,Barcelona,Llibres,392.28
2024-07-26,Bilbao,Llibres,137.07
2024-12-04,Madrid,Electrònica,115.1
2024-08-12,Madrid,Joguines,115.35
2024-11-07,València,Roba,483.61
2024-05-12,Bilbao,Llar,422.61
2024-06-01,Barcelona,Roba,481.45
2024-05-02,Barcelona,Llar,394.28
2024-07-20,Alacant,Electrònica,290.41
2024-05-02,Saragossa,Electrònica,404.22
2024-11-24,Alacant,Llibres,185.29
2024-02-22,Alacant,Esport,424.77
2024-12-10,València,Llibres,204.19
2024-05-18,Barcelona,Llar,192.68
2024-12-06,Bilbao,Roba,417.69
2024-05-10,Madrid,Joguines,329.08
2024-08-15,València,Alimentació,397.9
2024-12-06,Bilbao,Roba,318.31
2024-06-03,Málaga,Joguines,158.66
2024-04-05,Barcelona,Alimentació,307.58
2024-02-15,València,Llibres,360.58
2024-07-16,València,Alimentació,7.74
2024-02-25,València,Alimentació,349.48
2024-08-02,Sevilla,Joguines,71.0
2024-08-22,Sevilla,Esport,475.27
2024-08-20,Málaga,Esport,453.89
2024-08-06,Girona,Llar,377.13
2024-11-09,Girona,Esport,123.43
2024-08-03,Saragossa,Alimentació,163.26
2024-09-03,Barcelona,Alimentació,80.64
2024-04-03,València,Roba,210.81
2024-04-27,València,Joguines,349.28
2024-10-13,València,Roba,198.04
2024-07-18,Girona,Esport,449.42
2024-08-08,Madrid,Llar,
2024-06-22,Saragossa,Llar,421.05
2024-03-20,Sevilla,Llar,333.18
2024-02-21,València,Joguines,29.89
2024-07-11,Madrid,Roba,440.42
2024-05-25,Alacant,Llar,45.54
2024-01-24,Sevilla,Roba,38.97
2024-11-02,Girona,Alimentació,15.09
2024-03-08,Barcelona,Llibres,474.14
2024-08-23,Madrid,Roba,305.59
2024-12-23,Barcelona,Joguines,158.96
2024-10-01,Alacant,Esport,479.3
2024-07-23,Barcelona,Esport,315.48
2024-02-23,Girona,Joguines,403.74
2024-10-26,Barcelona,Esport,188.43
2024-09-21,Madrid,Joguines,247.65
2024-07-12,Bilbao,Joguines,80.73
2024-03-24,Sevilla,Llibres,405.06
2024-09-25,València,Llar,298.27
2024-06-28,Madrid,Electrònica,228.15
2024-08-19,Bilbao,Llar,249.68
2024-06-06,València,Roba,173.47
2024-10-23,Málaga,Esport,
2024-04-03,Madrid,Llar,380.29
2024-12-16,Bilbao,Llar,13.54
2024-05-08,València,Alimentació,292.87
2024-08-18,Sevilla,Llar,277.44
2024-06-23,València,Roba,64.72
2024-04-11,Barcelona,Esport,346.63
2024-04-07,Girona,Roba,488.42
2024-09-20,Madrid,Electrònica,151.64
2024-06-06,Madrid,Llibres,140.78
2024-01-18,Madrid,Alimentació,377.63
2024-02-28,Barcelona,Roba,223.03
2024-03-02,Madrid,Joguines,411.95
2024-07-16,Barcelona,Llibres,80.1
2024-10-10,Barcelona,Alimentació,383.4
2024-10-20,"Barcelona, ES",Alimentació,193.29
2024-08-10,Málaga,Llar,312.41
2024-10-24,Barcelona,Joguines,109.46
2024-11-03,Barcelona,Alimentació,82.48
2024-07-15,Saragossa,Llar,119.58
2024-12-10,Saragossa,Llar,120.54
2024-05-26,"Barcelona, ES",Esport,467.17
2024-07-04,Sevilla,Llibres,136.49
2024-03-03,Barcelona,Joguines,375.73
2024-10-10,València,Llar,351.37
2024-05-17,Sevilla,Llar,24.73
2024-07-24,Madrid,Roba,
2024-04-22,Málaga,Esport,15.27
2024-11-27,Madrid,Electrònica,91.72
2024-09-21,València,Roba,294.74
2024-11-27,València,Electrònica,207.13
2024-06-22,Barcelona,Alimentació,348.37
2024-05-22,Alacant,Joguines,23.17
2024-02-11,Madrid,Electrònica,205.07
2024-09-27,Alacant,Llibres,233.68
2024-01-07,Sevilla,Esport,314.58
2024-01-07,Madrid,Alimentació,221.87
2024-12-16,Barcelona,Llibres,123.45
2024-03-10,Sevilla,Esport,116.23
2024-02-15,Alacant,Llibres,251.7
2024-12-10,València,Roba,243.84
2024-08-08,València,Alimentació,461.32
2024-09-24,Málaga,Joguines,387.47
2024-07-11,Alacant,Esport,6.27
2024-12-10,Málaga,Esport,247.37
2024-03-15,Sevilla,Roba,382.62
2024-07-15,Alacant,Joguines,350.26
2024-10-13,Madrid,Joguines,162.5
2024-08-23,Málaga,Llar,333.53
2024-11-05,València,Electrònica,482.85
2024-06-28,Barcelona,Joguines,265.35
2024-08-01,Saragossa,Llar,485.13
2024-02-16,Girona,Roba,347.89
2024-11-03,Málaga,Joguines,269.14
2024-06-21,Saragossa,Joguines,272.8
2024-10-03,Madrid,Llibres,498.73
2024-12-03,València,Electrònica,353.43
2024-02-15,Barcelona,Roba,27.77
2024-01-10,Madrid,Llar,267.93
2024-10-22,"Barcelona, ES",Alimentació,306.7
2024-07-20,Saragossa,Llar,75.84
2024-08-21,Madrid,Roba,449.96
2024-08-10,Saragossa,Alimentació,472.89
2024-10-10,Bilbao,Llar,231.13
2024-05-07,Alacant,Joguines,122.42
2024-10-12,Sevilla,Llibres,489.08
2024-11-13,Madrid,Esport,390.26
2024-01-20,Girona,Joguines,146.67
2024-04-20,"Barcelona, ES",Alimentació,312.34
2024-11-25,Saragossa,Llibres,72.71
2024-02-21,Bilbao,Roba,21.52
2024-06-24,Barcelona,Roba,210.67
2024-04-05,"Barcelona, ES",Roba,457.18
2024-03-09,Málaga,Llar,151.1
2024-06-26,Barcelona,Electrònica,483.42
2024-11-24,Saragossa,Llar,403.27
2024-06-03,"Barcelona, ES",Electrònica,66.18
2024-06-22,Girona,Roba,412.1
2024-06-04,Saragossa,Llar,
2024-09-11,Málaga,Alimentació,319.52
2024-08-23,Madrid,Llar,27.45
2024-01-10,Alacant,Electrònica,444.19
2024-03-13,València,Llibres,349.76
2024-09-14,Sevilla,Llibres,210.37
2024-02-27,València,Llar,143.47
2024-12-12,Madrid,Llar,428.45
2024-02-22,Madrid,Llibres,202.08
2024-04-04,Alacant,Joguines,333.07
2024-11-21,Sevilla,Electrònica,NA
2024-06-08,Alacant,Joguines,38.96
2024-09-07,Sevilla,Joguines,167.64
2024-03-26,Málaga,Electrònica,492.09
2024-03-18,Madrid,Alimentació,433.89
2024-03-01,Madrid,Joguines,165.27
2024-03-09,Barcelona,Llibres,61.26
2024-02-16,València,Roba,58.98
2024-09-08,Alacant,Electrònica,454.83
2024-11-17,Madrid,Llibres,35.11
2024-08-28,València,Llibres,357.64
2024-08-03,Málaga,Roba,37.51
2024-05-20,Bilbao,Esport,193.55
2024-10-17,Madrid,Esport,54.09
2024-12-04,Málaga,Llibres,277.91
2024-04-14,València,Alimentació,414.57
2024-07-14,Saragossa,Roba,334.23
2024-06-05,Saragossa,Llar,416.73
2024-02-14,Barcelona,Llibres,69.41
2024-01-19,Alacant,Esport,65.5
2024-06-28,Bilbao,Joguines,458.34
2024-01-10,Bilbao,Roba,256.17
2024-03-22,València,Joguines,423.46
2024-06-04,Girona,Esport,217.41
2024-09-25,Málaga,Esport,280.59
2024-10-22,Málaga,Roba,
2024-05-23,Girona,Roba,94.8
2024-03-19,Bilbao,Electrònica,318.42
2024-01-03,Girona,Alimentació,229.55
2024-03-12,Madrid,Roba,285.96
2024-02-02,Barcelona,Joguines,338.61
2024-05-15,Bilbao,Llar,210.02
2024-04-25,València,Roba,145.21
2024-11-19,València,Llibres,114.16
2024-10-02,Barcelona,Roba,384.84
2024-05-10,Madrid,Electrònica,218.17
2024-03-13,Sevilla,Alimentació,417.51
2024-06-03,València,Llibres,NA
2024-01-15,Alacant,Joguines,217.5
2024-07-23,Bilbao,Roba,15.32
2024-06-06,"Barcelona, ES",Esport,346.36
2024-06-03,València,Electrònica,296.49
2024-09-03,València,Roba,114.68
2024-03-03,València,Electrònica,100.98
2024-06-12,Saragossa,Joguines,78.11
2024-02-05,Madrid,Alimentació,381.31
2024-11-03,Barcelona,Joguines,234.66
2024-10-25,Sevilla,Llibres,284.42
2024-11-20,Madrid,Llibres,222.68
2024-08-15,Bilbao,Joguines,32.81
2024-09-03,Madrid,Llar,NA
2024-06-27,Madrid,Llibres,428.37
2024-10-20,València,Llar,477.34
2024-12-02,València,Joguines,98.18
2024-10-16,València,Electrònica,406.43
2024-06-23,Barcelona,Llibres,127.63
2024-08-15,Sevilla,Esport,189.56
2024-05-13,València,Roba,30.92
2024-11-21,Madrid,Roba,340.8
2024-05-09,Saragossa,Llibres,303.34
2024-03-11,Barcelona,Llibres,178.16
2024-11-23,Bilbao,Alimentació,469.31
2024-05-18,Madrid,Joguines,68.26
2024-12-27,Alacant,Llibres,51.26
2024-11-14,València,Electrònica,94.23
2024-04-11,Alacant,Llar,499.99
2024-03-03,Madrid,Joguines,386.58
2024-12-17,Barcelona,Roba,310.93
2024-10-13,Barcelona,Alimentació,386.69
2024-03-24,València,Llar,361.19
2024-08-20,Madrid,Llibres,120.83
2024-04-10,Alacant,Joguines,418.38
2024-06-22,Alacant,Llar,144.48
2024-07-17,Sevilla,Alimentació,401.62
2024-03-28,Madrid,Llibres,188.75
2024-02-23,Málaga,Joguines,46.52
2024-03-09,València,Esport,221.55
2024-04-27,València,Roba,210.37
2024-07-17,Madrid,Llar,190.58
2024-01-11,Alacant,Joguines,170.97
2024-03-05,Barcelona,Joguines,416.4
2024-12-16,València,Electrònica,14.41
2024-04-27,Barcelona,Llibres,214.51
2024-05-08,Madrid,Electrònica,321.28
2024-10-15,Barcelona,Joguines,300.39
2024-01-21,València,Alimentació,149.18
2024-01-20,Madrid,Esport,333.86
2024-02-17,Alacant,Electrònica,274.32
2024-09-18,Barcelona,Joguines,319.66
2024-06-09,Girona,Roba,175.68
2024-12-22,Bilbao,Joguines,379.56
2024-03-02,Madrid,Roba,91.67
2024-11-15,Alacant,Llar,406.69
2024-02-23,Girona,Llar,NA
2024-04-02,"Barcelona, ES",Electrònica,158.49
2024-07-27,Sevilla,Roba,NA
2024-11-07,Madrid,Joguines,433.57
2024-06-09,Barcelona,Roba,203.01
2024-08-13,Madrid,Alimentació,251.27
2024-09-09,"Barcelona, ES",Llibres,218.15
2024-03-18,Madrid,Electrònica,332.16
2024-05-15,Bilbao,Llar,224.73
2024-08-02,Saragossa,Roba,220.3
2024-11-26,Alacant,Electrònica,206.07
2024-09-26,Girona,Alimentació,75.68
2024-10-22,Girona,Electrònica,121.82
2024-11-12,Madrid,Esport,NA
2024-03-22,València,Roba,382.73
2024-10-05,Sevilla,Llar,142.95
2024-02-01,Girona,Llar,457.2
2024-02-09,Girona,Llibres,498.2
2024-05-23,Málaga,Llar,72.19
2024-02-15,Barcelona,Llibres,48.46
2024-11-28,Alacant,Llibres,37.14
2024-09-10,Málaga,Joguines,356.23
2024-12-21,Barcelona,Roba,65.07
2024-04-26,Barcelona,Joguines,183.64
2024-10-12,València,Esport,442.7
2024-02-10,València,Llibres,265.22
2024-07-27,Sevilla,Alimentació,322.96
2024-08-15,Saragossa,Roba,415.38
2024-09-21,Sevilla,Joguines,219.15
2024-01-27,Barcelona,Alimentació,85.17
2024-12-08,Madrid,Esport,423.74
2024-05-07,Bilbao,Esport,314.39
2024-10-18,Barcelona,Llibres,471.1
2024-03-06,Bilbao,Llibres,172.12
2024-10-02,Málaga,Electrònica,474.53
2024-10-09,Bilbao,Joguines,310.96
2024-01-16,Málaga,Esport,478.54
2024-08-08,"Barcelona, ES",Llibres,229.5
2024-12-02,Barcelona,Llar,105.99
2024-10-05,Madrid,Llibres,494.07
2024-06-13,Barcelona,Roba,57.56
2024-04-15,Barcelona,Llar,52.92
2024-05-13,Málaga,Llar,433.33
2024-03-27,Madrid,Esport,98.97
2024-03-16,Alacant,Llar,157.73
2024-01-03,Alacant,Esport,124.16
2024-10-12,Barcelona,Roba,441.76
2024-11-22,València,Esport,
2024-02-14,Barcelona,Roba,383.11
2024-06-02,València,Esport,184.45
2024-05-03,Madrid,Llar,143.46
2024-10-22,Bilbao,Alimentació,199.98
2024-06-18,Alacant,Joguines,303.22
2024-07-17,Barcelona,Electrònica,169.86
2024-08-17,València,Esport,74.19
2024-10-11,Barcelona,Esport,153.12
2024-06-17,Málaga,Esport,283.65
2024-08-27,Barcelona,Roba,490.05
2024-10-10,"Barcelona, ES",Llibres,316.48
2024-10-16,Madrid,Llibres,389.2
2024-10-08,Saragossa,Esport,264.5
2024-12-20,Girona,Llar,341.96
2024-01-19,Alacant,Electrònica,223.31
2024-07-05,València,Alimentació,388.61
2024-08-28,Málaga,Llibres,73.35
2024-04-18,Madrid,Llibres,191.53
2024-03-15,Málaga,Roba,339.55
2024-12-22,Bilbao,Llibres,244.67
2024-04-09,Sevilla,Alimentació,491.22
2024-05-23,Madrid,Llibres,242.5
2024-09-26,Saragossa,Roba,339.93
2024-07-13,Málaga,Joguines,148.77
2024-05-23,Barcelona,Llar,374.93
2024-04-07,Málaga,Roba,349.6
2024-03-04,Bilbao,Esport,30.13
2024-09-08,Bilbao,Electrònica,168.5
2024-08-04,Saragossa,Alimentació,
2024-09-06,València,Llar,103.73
2024-05-11,Madrid,Electrònica,49.28
2024-10-08,Sevilla,Llibres,23.46
2024-03-14,Málaga,Alimentació,22.99
2024-07-26,València,Llibres,463.39
2024-01-01,Madrid,Esport,491.58
2024-05-15,Alacant,Esport,445.18
2024-03-28,València,Roba,60.76
2024-03-24,València,Roba,11.97
2024-06-26,Madrid,Llibres,91.87
2024-11-13,Málaga,Esport,203.41
2024-02-06,Alacant,Llar,127.78
2024-05-13,Madrid,Joguines,168.16
2024-10-24,Sevilla,Roba,347.92
2024-01-22,Barcelona,Roba,344.61
2024-12-25,Madrid,Electrònica,470.61
2024-06-20,Madrid,Alimentació,230.21
2024-10-12,València,Esport,379.89
2024-11-27,Madrid,Alimentació,299.93
2024-02-17,València,Llibres,459.04
2024-02-02,Málaga,Esport,270.65
2024-03-11,Málaga,Llar,106.67
2024-10-16,Barcelona,Esport,32.54
2024-03-17,València,Esport,NA
2024-08-22,"Barcelona, ES",Llibres,
2024-05-27,Barcelona,Alimentació,27.42
2024-06-23,Barcelona,Electrònica,39.16
2024-08-02,Madrid,Alimentació,384.08
2024-12-21,Alacant,Roba,194.33
2024-07-13,Barcelona,Llibres,70.83
2024-06-04,Barcelona,Esport,68.04
2024-04-27,Barcelona,Electrònica,234.19
2024-12-18,València,Llar,127.52
2024-06-05,Madrid,Llibres,20.95
2024-11-14,Bilbao,Electrònica,38.31
2024-10-02,València,Llibres,29.09
2024-12-02,València,Alimentació,378.42
2024-01-05,València,Roba,458.62
2024-10-11,Sevilla,Joguines,163.73
2024-05-05,Alacant,Esport,153.75
2024-01-18,Alacant,Llibres,314.87
2024-07-18,València,Roba,337.31
2024-09-11,Saragossa,Llar,191.35
2024-09-16,Madrid,Alimentació,355.25
2024-08-02,Sevilla,Llar,71.38
2024-04-09,Barcelona,Llibres,227.64
2024-06-03,Sevilla,Joguines,137.89
2024-11-20,Bilbao,Joguines,403.3
2024-10-24,Saragossa,Alimentació,435.39
2024-06-10,Alacant,Electrònica,99.06
2024-12-04,Girona,Joguines,125.08
2024-10-23,Barcelona,Alimentació,388.88
2024-07-15,Sevilla,Roba,183.02
2024-08-15,Barcelona,Llibres,420.67
2024-04-12,Madrid,Electrònica,114.53
2024-03-01,Madrid,Esport,211.7
2024-03-07,Madrid,Llar,126.64
2024-09-21,Alacant,Roba,411.69
2024-12-21,Girona,Llar,398.51
2024-03-05,Saragossa,Llar,445.24
2024-11-02,Sevilla,Joguines,472.87
2024-11-02,Girona,Llar,317.2
2024-02-23,Barcelona,Alimentació,189.73
2024-10-21,Bilbao,Esport,331.35
2024-01-01,Sevilla,Llar,
2024-09-24,Madrid,Roba,
2024-12-22,València,Alimentació,52.68
2024-03-08,Barcelona,Esport,180.45
2024-07-03,Madrid,Llar,125.39
2024-12-08,Madrid,Joguines,328.6
2024-11-25,Barcelona,Llar,278.59
2024-01-21,Barcelona,Alimentació,423.44
2024-11-26,Madrid,Joguines,447.92
2024-01-08,Madrid,Joguines,285.56
2024-05-02,Alacant,Llibres,450.16
2024-10-22,Barcelona,Joguines,480.93
2024-10-05,Girona,Llibres,464.79
2024-05-06,Sevilla,Esport,197.63
2024-09-11,Madrid,Llibres,494.3
2024-12-03,València,Roba,NA
2024-07-08,Málaga,Roba,308.86
2024-10-13,Alacant,Roba,
2024-05-26,Alacant,Llar,278.75
2024-07-14,Barcelona,Esport,47.42
2024-10-10,"Barcelona, ES",Llibres,137.65
2024-07-23,"Barcelona, ES",Alimentació,161.76
2024-02-03,Barcelona,Roba,381.87
2024-02-05,Barcelona,Llar,279.6
2024-07-04,Barcelona,Roba,300.48
2024-06-28,Madrid,Roba,390.69
2024-12-18,Málaga,Alimentació,88.94
2024-07-06,Barcelona,Roba,77.24
2024-03-14,Madrid,Roba,43.08
2024-05-08,Saragossa,Llar,101.8
2024-02-05,Madrid,Llar,312.0
2024-06-15,Madrid,Joguines,327.26
2024-10-05,Madrid,Esport,104.42
2024-06-06,Alacant,Roba,349.0
2024-08-19,Girona,Roba,409.16
2024-07-12,Barcelona,Esport,498.65
2024-03-22,Girona,Electrònica,233.5
2024-12-07,València,Roba,39.23
2024-07-22,València,Llibres,130.08
2024-03-23,València,Llar,495.4
2024-08-19,València,Esport,435.47
2024-07-18,Barcelona,Roba,407.09
2024-10-21,Málaga,Electrònica,330.51
2024-06-06,Bilbao,Electrònica,324.29
2024-11-13,Alacant,Roba,218.08
2024-01-04,Madrid,Esport,281.21
2024-12-19,Madrid,Roba,387.31
2024-10-23,València,Roba,243.97
2024-05-14,Alacant,Electrònica,470.63
2024-03-12,Madrid,Llar,262.95
2024-06-16,Barcelona,Llibres,162.86
2024-05-02,"Barcelona, ES",Electrònica,
2024-06-21,Barcelona,Joguines,492.03
2024-04-17,Barcelona,Alimentació,216.05
2024-08-08,"Barcelona, ES",Llibres,322.04
2024-07-13,Barcelona,Esport,227.54
2024-07-13,Barcelona,Alimentació,377.4
2024-02-19,Barcelona,Joguines,186.07
2024-04-15,Barcelona,Llibres,266.22
2024-11-11,Sevilla,Esport,61.54
2024-06-28,València,Alimentació,354.46
2024-05-20,Sevilla,Llibres,63.34
2024-05-04,Barcelona,Llibres,197.29
2024-10-05,Sevilla,Llar,319.57
2024-12-21,Alacant,Alimentació,247.37
2024-03-06,Madrid,Llar,433.43
2024-01-16,Barcelona,Joguines,282.98
2024-11-16,València,Llar,420.75
2024-08-06,Barcelona,Electrònica,114.16
2024-01-09,Madrid,Roba,231.37
2024-12-25,Girona,Esport,288.49
2024-05-25,Sevilla,Roba,379.61
2024-12-15,Sevilla,Llar,415.89
2024-04-10,Málaga,Electrònica,177.55
2024-02-15,Málaga,Electrònica,122.29
2024-12-19,Saragossa,Joguines,318.22
2024-03-20,Barcelona,Alimentació,403.69
2024-10-12,Sevilla,Esport,165.21
2024-12-10,Madrid,Roba,259.64
2024-11-27,Barcelona,Joguines,459.79
2024-05-28,Bilbao,Llibres,128.59
2024-12-11,Málaga,Joguines,199.39
2024-03-19,Bilbao,Llibres,228.74
2024-11-26,Málaga,Electrònica,376.15
2024-12-12,València,Llar,6.22
2024-12-03,Saragossa,Llar,350.16
2024-02-26,Sevilla,Alimentació,413.3
2024-08-09,Madrid,Roba,291.08
2024-10-28,València,Roba,382.32
2024-01-04,Bilbao,Joguines,66.5
2024-03-15,València,Llar,345.85
2024-03-21,Madrid,Joguines,140.64
2024-11-12,Madrid,Roba,326.21
2024-01-13,Bilbao,Llibres,120.9
2024-11-03,Saragossa,Electrònica,43.58
2024-10-08,Sevilla,Llar,
2024-12-11,Málaga,Joguines,70.43
2024-02-08,Madrid,Llibres,56.08
2024-06-10,Barcelona,Joguines,437.88
2024-11-22,Barcelona,Esport,307.11
2024-03-15,Madrid,Alimentació,79.93
2024-07-20,Saragossa,Joguines,448.81
2024-03-25,Barcelona,Llibres,481.81
2024-06-26,Barcelona,Roba,127.84
2024-10-20,Saragossa,Roba,346.79
2024-11-10,Barcelona,Esport,375.18
2024-05-21,Barcelona,Joguines,249.97
2024-02-08,València,Esport,444.92
2024-01-12,Alacant,Alimentació,420.29
2024-07-12,Sevilla,Alimentació,477.45
2024-02-01,Sevilla,Electrònica,24.71
2024-01-26,València,Roba,253.02
2024-07-14,Saragossa,Electrònica,271.14
2024-03-09,Barcelona,Electrònica,105.58
2024-03-18,Madrid,Esport,418.09
2024-11-21,Barcelona,Llibres,476.95
2024-04-02,Madrid,Llar,308.09
2024-01-10,Bilbao,Llibres,64.12
2024-12-05,Saragossa,Alimentació,176.62
2024-09-26,Málaga,Roba,67.83
2024-05-24,Málaga,Joguines,170.83
2024-07-09,Sevilla,Roba,290.44
2024-02-16,València,Roba,NA
2024-10-06,Madrid,Roba,447.66
2024-11-24,Barcelona,Llibres,26.8
2024-01-08,Barcelona,Roba,79.29
2024-01-18,"Barcelona, ES",Llibres,212.59
2024-06-08,València,Llibres,413.87
2024-10-12,Barcelona,Llibres,93.78
2024-09-02,Alacant,Electrònica,433.69
2024-05-11,Barcelona,Llar,
2024-04-10,Sevilla,Roba,125.08
2024-06-19,Alacant,Joguines,367.57
2024-09-25,"Barcelona, ES",Alimentació,
2024-07-01,Madrid,Roba,348.26
2024-01-11,Barcelona,Llibres,370.35
2024-05-04,Barcelona,Alimentació,480.79
2024-03-23,Madrid,Electrònica,449.16
2024-09-14,Saragossa,Roba,375.21
2024-10-04,València,Llibres,42.04
2024-10-02,València,Alimentació,134.19
2024-06-26,València,Joguines,162.44
2024-05-08,Barcelona,Alimentació,386.22
2024-02-05,Barcelona,Llar,206.22
2024-09-12,Alacant,Alimentació,234.36
2024-02-03,Barcelona,Llibres,353.83
2024-10-02,Madrid,Joguines,50.15
2024-04-12,València,Electrònica,133.78
2024-03-01,Alacant,Joguines,375.3
2024-04-04,València,Joguines,65.12
2024-01-27,Girona,Alimentació,412.72
2024-06-22,Bilbao,Llibres,295.13
2024-02-01,Alacant,Alimentació,224.5
2024-03-03,Málaga,Joguines,65.65
2024-08-02,Barcelona,Esport,363.59
2024-08-01,Madrid,Llar,111.28
2024-03-09,Madrid,Alimentació,NA
2024-10-20,Madrid,Roba,441.98
2024-08-02,Barcelona,Llar,103.73
2024-09-08,Bilbao,Joguines,14.67
2024-07-26,Saragossa,Llar,244.92
2024-10-17,Madrid,Roba,162.84
2024-04-01,Málaga,Joguines,405.28
2024-08-17,Madrid,Esport,487.12
2024-02-08,Bilbao,Roba,396.66
2024-12-02,Girona,Alimentació,491.42
2024-07-12,Alacant,Joguines,122.09
2024-06-26,Girona,Roba,18.96
2024-12-12,Alacant,Esport,474.44
2024-08-18,Madrid,Llar,NA
2024-01-08,Bilbao,Electrònica,5.34
2024-10-07,"Barcelona, ES",Roba,459.8
2024-06-02,Barcelona,Esport,75.12
2024-02-28,Sevilla,Roba,189.93
2024-11-13,Sevilla,Roba,72.54
2024-03-24,Alacant,Joguines,246.16
2024-06-06,Saragossa,Esport,464.78
2024-06-08,Bilbao,Joguines,156.88
2024-12-10,Barcelona,Llibres,
2024-12-19,Madrid,Joguines,21.03
2024-10-11,Alacant,Esport,284.95
2024-08-05,Madrid,Electrònica,491.28
2024-03-21,Málaga,Electrònica,336.66
2024-12-11,València,Roba,348.12
2024-06-09,"Barcelona, ES",Llibres,
2024-07-15,Girona,Alimentació,249.08
2024-07-12,Sevilla,Electrònica,395.42
2024-10-21,Girona,Alimentació,41.49
2024-01-10,Barcelona,Roba,41.73
2024-03-13,Barcelona,Electrònica,449.57
2024-02-11,Sevilla,Esport,353.73
2024-07-21,Barcelona,Llar,55.12
2024-04-07,València,Esport,366.34
2024-05-22,Madrid,Alimentació,199.49
2024-09-27,València,Electrònica,216.66
2024-05-27,Bilbao,Esport,53.01
2024-04-06,Bilbao,Electrònica,62.18
2024-07-16,València,Llibres,322.72
2024-07-06,Madrid,Llar,225.66
2024-05-15,València,Alimentació,284.3
2024-03-25,Saragossa,Electrònica,175.18
2024-09-14,Alacant,Esport,35.19
2024-07-27,Sevilla,Esport,468.5
2024-10-08,València,Electrònica,427.7
2024-01-17,Sevilla,Esport,340.38
2024-10-05,Barcelona,Joguines,474.79
2024-03-07,"Barcelona, ES",Alimentació,NA
2024-02-22,València,Joguines,417.88
2024-05-11,Málaga,Joguines,197.11
2024-07-18,Madrid,Roba,459.0
2024-01-26,Saragossa,Esport,212.7
2024-07-05,Barcelona,Esport,482.59
2024-02-04,Sevilla,Electrònica,434.4
2024-06-14,Madrid,Llibres,306.44
2024-01-06,Madrid,Alimentació,342.0
2024-07-02,València,Roba,29.4
2024-08-09,Málaga,Electrònica,397.86
2024-05-09,Málaga,Joguines,53.62
2024-04-05,Madrid,Llibres,413.78
2024-05-24,València,Llibres,223.65
2024-07-24,València,Esport,411.4
2024-09-26,Barcelona,Roba,204.68
2024-09-19,Barcelona,Alimentació,104.36
2024-01-08,Barcelona,Electrònica,353.79
2024-05-12,Málaga,Esport,461.92
2024-11-01,Madrid,Llar,92.9
2024-08-19,Sevilla,Roba,447.77
2024-12-27,Saragossa,Roba,
2024-01-06,Málaga,Joguines,429.27
2024-11-08,Saragossa,Roba,259.07
2024-11-01,València,Alimentació,302.57
2024-01-08,Madrid,Joguines,357.81
2024-12-21,Madrid,Llar,232.2
2024-04-15,Madrid,Esport,201.59
2024-02-01,València,Llibres,420.49
2024-09-21,Sevilla,Roba,58.51
2024-02-11,Alacant,Llibres,142.06
2024-11-23,Alacant,Llibres,79.22
2024-04-02,"Barcelona, ES",Joguines,205.03
2024-06-22,Barcelona,Electrònica,498.75
2024-05-14,València,Llibres,NA
2024-12-19,Málaga,Roba,115.07
2024-09-21,"Barcelona, ES",Llibres,153.6
2024-03-27,Bilbao,Esport,53.31
2024-03-24,Madrid,Joguines,456.75
2024-11-11,Bilbao,Alimentació,373.38
2024-05-14,"Barcelona, ES",Roba,294.86
2024-08-28,Barcelona,Electrònica,293.87
2024-10-03,València,Alimentació,434.41
2024-07-17,Madrid,Electrònica,79.64
2024-04-11,València,Esport,493.39
2024-03-11,Málaga,Alimentació,246.35
2024-11-06,Madrid,Electrònica,
2024-05-07,Girona,Alimentació,83.43
2024-02-05,Bilbao,Llibres,217.37
2024-08-13,Barcelona,Esport,189.69
2024-01-11,Girona,Esport,339.99
2024-11-24,Madrid,Llibres,159.49
2024-02-13,València,Roba,412.8
2024-05-10,València,Esport,172.23
2024-11-05,Madrid,Llar,98.27
2024-07-01,Madrid,Llibres,109.54
2024-01-19,València,Electrònica,327.02
2024-01-13,Málaga,Roba,313.45
2024-10-02,Bilbao,Llibres,28.88
2024-02-14,València,Electrònica,239.83
2024-03-07,Saragossa,Llibres,
2024-07-22,Barcelona,Esport,304.79
2024-03-14,Málaga,Electrònica,310.76
2024-05-04,"Barcelona, ES",Llar,103.88
2024-05-27,Sevilla,Alimentació,207.83
2024-03-02,Sevilla,Alimentació,242.93
2024-04-01,Barcelona,Electrònica,418.44
2024-11-16,Barcelona,Electrònica,42.15
2024-12-04,Málaga,Llibres,494.39
2024-05-09,València,Electrònica,437.7
2024-05-12,"Barcelona, ES",Roba,62.37
2024-01-01,Málaga,Llibres,167.69
2024-08-20,Madrid,Llibres,408.41
2024-03-04,València,Llar,195.93
2024-08-26,València,Joguines,70.59
2024-12-02,Alacant,Joguines,210.93
2024-10-16,"Barcelona, ES",Llibres,307.6
2024-06-20,Barcelona,Llibres,365.0
2024-03-16,Alacant,Electrònica,223.14
2024-02-09,Bilbao,Electrònica,340.57
2024-12-19,Saragossa,Alimentació,336.57
2024-06-17,Sevilla,Llibres,219.26
2024-12-08,València,Llibres,195.51
2024-09-20,Barcelona,Llibres,255.26
2024-08-28,València,Alimentació,248.37
2024-04-11,Alacant,Electrònica,277.5
2024-07-13,Málaga,Electrònica,401.62
2024-08-03,Málaga,Llar,490.43
2024-12-21,Barcelona,Llar,280.78
2024-01-27,Barcelona,Esport,320.58
2024-09-18,Madrid,Llibres,173.72
2024-01-27,Madrid,Llar,384.87
2024-10-16,Saragossa,Roba,61.44
2024-11-08,Barcelona,Roba,482.39
2024-05-18,Sevilla,Llibres,448.95
2024-08-05,Málaga,Llibres,57.95
2024-10-07,Barcelona,Joguines,231.24
2024-04-23,Madrid,Joguines,463.68
2024-11-19,Barcelona,Llar,296.71
2024-09-05,Alacant,Electrònica,29.04
2024-07-27,Sevilla,Esport,455.54
2024-12-19,Barcelona,Joguines,196.77
2024-10-20,Málaga,Esport,212.24
2024-10-23,Girona,Roba,174.72
2024-05-15,"Barcelona, ES",Alimentació,351.51
2024-12-17,Madrid,Llibres,160.39
2024-12-18,Bilbao,Alimentació,358.62
2024-11-12,Alacant,Alimentació,326.79
2024-03-17,Sevilla,Llibres,62.13
2024-06-18,València,Esport,356.51
2024-11-24,Málaga,Esport,424.41
2024-01-17,Barcelona,Llar,336.78
2024-04-09,Girona,Alimentació,343.28
2024-03-27,Barcelona,Joguines,378.03
2024-01-12,"Barcelona, ES",Electrònica,339.39
2024-09-28,Madrid,Llibres,122.61
2024-12-10,Saragossa,Electrònica,196.84
2024-11-11,Alacant,Electrònica,
2024-05-07,Bilbao,Joguines,224.32
2024-04-21,Saragossa,Llibres,296.25
2024-12-20,Barcelona,Llibres,150.62
2024-03-22,Barcelona,Alimentació,64.08
2024-01-14,Madrid,Roba,294.07
2024-05-01,Madrid,Llibres,24.77
2024-06-20,Barcelona,Llibres,332.64
2024-08-26,Sevilla,Roba,355.3
2024-09-08,Alacant,Esport,255.04
2024-07-18,Sevilla,Electrònica,442.28
2024-11-11,Madrid,Roba,377.56
2024-09-16,Alacant,Joguines,326.4
2024-02-22,Madrid,Alimentació,308.78
2024-10-08,Alacant,Llibres,193.78
2024-02-13,Madrid,Llibres,456.11
2024-06-17,"Barcelona, ES",Llar,151.73
2024-11-07,Madrid,Electrònica,87.86
2024-09-18,Barcelona,Electrònica,316.61
2024-04-28,Saragossa,Joguines,271.19
2024-12-24,Girona,Llibres,40.7
2024-11-05,Barcelona,Llibres,48.32
2024-01-06,"Barcelona, ES",Esport,411.7
2024-05-14,Madrid,Llibres,161.62
2024-07-22,Barcelona,Electrònica,311.08
2024-12-19,Barcelona,Joguines,464.38
2024-02-10,"Barcelona, ES",Roba,144.35
2024-08-13,València,Llibres,NA
2024-03-18,Madrid,Llibres,399.75
2024-09-10,Alacant,Alimentació,444.05
2024-12-21,Madrid,Electrònica,279.76
2024-02-02,Barcelona,Esport,276.03
2024-02-10,Madrid,Llibres,175.21
2024-07-21,Málaga,Alimentació,114.29
2024-05-07,Barcelona,Llibres,426.86
2024-09-15,Bilbao,Electrònica,38.34
2024-02-07,Saragossa,Llar,181.78
2024-11-21,Madrid,Roba,450.56
2024-06-16,València,Esport,348.26
2024-03-19,Sevilla,Joguines,217.01
2024-01-11,Madrid,Alimentació,322.22
2024-05-27,Madrid,Llibres,439.55
2024-08-15,Madrid,Roba,58.87
2024-11-20,Barcelona,Roba,74.3
2024-09-07,Madrid,Llibres,42.32
2024-01-28,València,Electrònica,291.56
2024-10-07,Málaga,Esport,447.52
2024-09-16,Bilbao,Alimentació,115.54
2024-10-24,Málaga,Alimentació,257.65
2024-07-12,València,Llibres,482.18
2024-10-22,Barcelona,Esport,83.82
2024-10-19,Bilbao,Alimentació,244.33
2024-06-02,Madrid,Llar,135.86
2024-04-02,Bilbao,Esport,183.82
2024-08-15,Málaga,Electrònica,165.42
2024-12-17,Bilbao,Roba,135.34
2024-09-19,Barcelona,Llibres,295.9
2024-02-17,Madrid,Alimentació,179.68
2024-06-16,"Barcelona, ES",Esport,
2024-03-15,Barcelona,Electrònica,144.0
2024-03-06,Barcelona,Esport,63.57
2024-04-14,"Barcelona, ES",Llibres,339.24
2024-08-07,Sevilla,Llibres,16.11
2024-01-05,Sevilla,Alimentació,258.76
2024-10-05,Barcelona,Roba,260.74
2024-07-20,Alacant,Llibres,
2024-12-24,Bilbao,Roba,112.21
2024-10-16,Málaga,Alimentació,208.33
2024-03-26,Sevilla,Joguines,331.53
2024-05-06,Saragossa,Roba,300.28
2024-02-08,Madrid,Alimentació,105.16
2024-09-22,València,Alimentació,92.82
2024-10-20,Barcelona,Joguines,377.43
2024-02-16,Bilbao,Esport,5.59
2024-11-21,València,Llar,26.5
2024-09-14,Madrid,Joguines,385.49
2024-06-19,"Barcelona, ES",Joguines,290.18
2024-07-05,Madrid,Joguines,430.23
2024-05-20,Málaga,Llar,7.71
2024-12-26,Barcelona,Esport,8.56
2024-11-07,Saragossa,Roba,57.76
2024-07-21,Sevilla,Roba,214.66
2024-06-20,Madrid,Llibres,105.83
2024-09-26,Sevilla,Alimentació,279.68
2024-05-10,Sevilla,Joguines,369.21
2024-11-04,Girona,Llar,474.88
2024-02-07,València,Joguines,277.54
2024-12-22,Saragossa,Alimentació,319.76
2024-02-27,Barcelona,Esport,36.72
2024-04-12,Barcelona,Electrònica,465.69
2024-07-20,Bilbao,Roba,300.75
2024-03-21,València,Electrònica,330.16
2024-09-10,Barcelona,Joguines,260.33
2024-04-20,Barcelona,Electrònica,329.23
2024-03-03,Alacant,Joguines,336.48
2024-07-19,Barcelona,Electrònica,38.97
2024-02-18,Madrid,Joguines,293.55
2024-06-27,Madrid,Esport,230.11
2024-07-19,Barcelona,Alimentació,57.7
2024-02-17,Madrid,Electrònica,478.57
2024-09-27,"Barcelona, ES",Roba,483.2
2024-10-16,Girona,Joguines,388.92
2024-11-15,Málaga,Joguines,
2024-02-09,Barcelona,Llibres,114.09
2024-12-08,"Barcelona, ES",Llar,260.67
2024-01-23,Málaga,Alimentació,202.47
2024-12-27,Madrid,Esport,240.89
2024-06-07,Málaga,Roba,374.35
2024-04-16,Girona,Alimentació,437.01
2024-04-08,Barcelona,Alimentació,181.23
2024-02-04,Alacant,Llibres,248.87
2024-01-25,Málaga,Electrònica,188.74
2024-06-16,Málaga,Esport,247.95
2024-09-09,València,Joguines,31.8
2024-07-16,Alacant,Electrònica,199.89
2024-11-25,Barcelona,Electrònica,232.73
2024-12-01,Barcelona,Alimentació,54.87
2024-06-20,Málaga,Alimentació,122.38
2024-08-20,Madrid,Alimentació,109.21
2024-12-25,Madrid,Joguines,228.11
2024-10-05,Alacant,Llibres,54.44
2024-05-26,Madrid,Llar,102.05
2024-12-05,València,Electrònica,252.3
2024-11-17,Sevilla,Roba,153.52
2024-09-28,Sevilla,Llar,85.85
2024-04-27,Madrid,Joguines,227.68
2024-06-09,Madrid,Esport,405.96
2024-06-01,València,Roba,481.74
2024-04-19,Sevilla,Llibres,489.79
2024-05-12,Madrid,Esport,369.58
2024-02-13,Bilbao,Llar,76.7
2024-03-21,"Barcelona, ES",Roba,308.09
2024-07-28,Málaga,Electrònica,117.97
2024-06-21,Madrid,Roba,200.75
2024-08-25,Málaga,Roba,262.86
2024-08-14,Barcelona,Joguines,
2024-12-08,Bilbao,Llibres,44.63
2024-03-13,Barcelona,Electrònica,239.23
2024-01-01,Girona,Esport,46.21
2024-05-20,Barcelona,Llibres,197.97
2024-04-08,Girona,Llar,69.98
2024-03-01,Barcelona,Roba,165.97
2024-08-15,Alacant,Esport,276.53
2024-03-23,Sevilla,Esport,317.37
2024-11-19,València,Llibres,158.28
2024-06-16,Sevilla,Joguines,157.39
2024-07-09,Barcelona,Electrònica,
2024-03-12,Madrid,Esport,
2024-08-25,València,Electrònica,399.99
2024-10-08,"Barcelona, ES",Esport,208.81
2024-09-14,València,Alimentació,324.77
2024-07-08,Madrid,Llar,260.72
2024-10-26,Saragossa,Roba,372.75
2024-05-14,Barcelona,Electrònica,148.35
2024-11-15,Bilbao,Roba,248.54
2024-06-01,Barcelona,Esport,
2024-02-10,Madrid,Llibres,9.06
2024-02-05,Barcelona,Alimentació,159.23
2024-08-12,València,Joguines,NA
2024-02-27,Girona,Alimentació,NA
2024-07-03,Sevilla,Alimentació,421.56
2024-07-27,Barcelona,Joguines,195.47
2024-08-08,Girona,Electrònica,368.98
2024-02-17,Bilbao,Alimentació,342.31
2024-05-11,Barcelona,Llibres,NA
2024-09-17,Barcelona,Llar,103.37
2024-01-28,Bilbao,Electrònica,219.91
2024-01-06,"Barcelona, ES",Esport,395.63
2024-01-02,Sevilla,Llibres,300.13
2024-06-25,Barcelona,Alimentació,344.54
2024-06-25,Bilbao,Electrònica,81.19
2024-09-26,Barcelona,Llar,490.93
2024-11-25,Madrid,Llar,15.57
2024-07-12,Saragossa,Roba,245.22
2024-08-18,Madrid,Llibres,285.52
2024-09-12,Madrid,Llar,416.52
2024-09-06,Barcelona,Alimentació,410.61
2024-09-12,València,Joguines,192.63
2024-03-01,Bilbao,Roba,123.2
2024-12-03,Bilbao,Esport,98.99
2024-11-16,Girona,Alimentació,164.69
2024-11-11,Barcelona,Esport,26.67
2024-03-06,Málaga,Alimentació,99.85
2024-01-19,Bilbao,Llar,265.28
2024-12-19,Madrid,Roba,360.33
2024-01-07,Bilbao,Joguines,401.5
2024-01-12,Sevilla,Llar,398.15
2024-01-27,Bilbao,Esport,NA
2024-02-27,Madrid,Alimentació,53.07
2024-12-08,Sevilla,Alimentació,330.15
2024-10-21,Alacant,Esport,210.52
2024-02-25,Bilbao,Roba,352.76
2024-07-04,Barcelona,Alimentació,254.82
2024-11-06,Sevilla,Esport,179.4
2024-06-18,Alacant,Roba,209.11
2024-11-14,Málaga,Roba,283.76
2024-04-13,Girona,Llibres,481.02
2024-08-13,Barcelona,Electrònica,299.9
2024-09-05,Alacant,Roba,
2024-04-07,Málaga,Electrònica,471.96
2024-05-18,València,Esport,81.58
2024-01-15,Madrid,Alimentació,445.36
2024-04-08,Madrid,Roba,202.9
2024-04-24,Barcelona,Roba,90.59
2024-12-23,Sevilla,Electrònica,153.69
2024-12-26,Sevilla,Electrònica,461.33
2024-06-12,Málaga,Llar,434.58
2024-04-24,Bilbao,Esport,318.77
2024-11-13,Barcelona,Esport,NA
2024-09-19,Barcelona,Esport,80.83
2024-11-24,Alacant,Llar,289.75
2024-02-08,València,Joguines,70.43
2024-02-16,Sevilla,Electrònica,134.97
2024-07-17,València,Llibres,71.76
2024-09-07,València,Llibres,282.78
2024-12-17,Madrid,Electrònica,217.88
2024-11-19,Barcelona,Llibres,185.81
2024-04-11,Madrid,Llibres,
2024-05-06,Alacant,Esport,402.38
2024-10-05,València,Joguines,344.25
2024-03-25,Saragossa,Electrònica,32.0
2024-10-05,Málaga,Joguines,174.92
2024-02-10,València,Electrònica,371.31
2024-04-07,Sevilla,Joguines,244.1
2024-12-05,Saragossa,Llibres,
2024-10-22,Sevilla,Roba,145.59
2024-12-20,Madrid,Llar,9.13
2024-07-22,Madrid,Joguines,183.31
2024-02-01,Madrid,Llibres,490.0
2024-09-23,Barcelona,Roba,300.57
2024-02-06,Barcelona,Llar,357.67
2024-01-08,Alacant,Roba,199.73
2024-03-01,Madrid,Roba,154.65
2024-09-09,"Barcelona, ES",Llibres,196.65
2024-01-18,Alacant,Alimentació,449.1
2024-11-05,Barcelona,Llar,340.61
2024-11-22,Madrid,Alimentació,216.1
2024-05-20,Madrid,Esport,327.97
2024-10-18,Saragossa,Alimentació,157.95
2024-12-17,Málaga,Llar,488.01
2024-03-21,Alacant,Alimentació,280.88
2024-12-04,Barcelona,Joguines,364.9
2024-06-14,Alacant,Roba,467.22
2024-11-24,Madrid,Joguines,70.12
2024-01-25,Alacant,Esport,285.69
2024-04-20,Madrid,Llibres,
2024-02-23,Girona,Alimentació,304.33
2024-12-21,Madrid,Joguines,239.55
2024-03-07,Madrid,Llar,12.43
2024-05-14,Madrid,Llibres,380.1
2024-02-06,Alacant,Llar,247.52
2024-06-28,València,Alimentació,389.23
2024-10-24,Málaga,Llibres,307.69
2024-12-19,Sevilla,Esport,353.54
2024-01-17,Barcelona,Llar,26.0
2024-04-17,Sevilla,Llibres,NA
2024-07-17,Girona,Electrònica,222.58
2024-05-25,Málaga,Llar,150.74
2024-01-23,Sevilla,Alimentació,324.82
2024-02-24,València,Alimentació,469.23
2024-12-18,Barcelona,Llar,17.33
2024-08-19,Málaga,Alimentació,49.64
2024-06-23,Bilbao,Llibres,360.6
2024-02-03,Barcelona,Llar,47.23
2024-12-13,Saragossa,Esport,84.15
2024-09-13,Barcelona,Alimentació,284.92
2024-11-28,Barcelona,Joguines,385.73
2024-01-14,Madrid,Llibres,225.9
2024-11-06,Barcelona,Alimentació,6.75
2024-05-01,València,Joguines,404.69
2024-10-16,Madrid,Esport,229.6
2024-08-03,Bilbao,Electrònica,275.93
2024-10-21,Sevilla,Joguines,96.5
2024-01-21,Madrid,Alimentació,335.16
2024-10-10,Madrid,Electrònica,NA
2024-07-06,Barcelona,Roba,347.3
2024-10-19,"Barcelona, ES",Alimentació,375.92
2024-06-02,Barcelona,Roba,449.28
2024-02-25,València,Esport,238.05
2024-02-23,Málaga,Roba,264.7
2024-12-07,Bilbao,Electrònica,489.78
2024-09-03,València,Llibres,395.15
2024-12-10,València,Joguines,265.07
2024-10-12,Alacant,Esport,262.25
2024-11-16,València,Alimentació,120.2
2024-05-07,Barcelona,Electrònica,399.38
2024-12-28,Madrid,Esport,209.95
2024-06-12,Sevilla,Llibres,322.11
2024-12-10,Madrid,Electrònica,255.81
2024-06-25,Barcelona,Llibres,201.04
2024-10-20,Alacant,Joguines,168.6
2024-06-22,València,Llar,324.6
2024-08-05,Bilbao,Joguines,170.88
2024-07-24,Barcelona,Esport,363.86
2024-06-18,Sevilla,Alimentació,169.2
2024-06-03,Alacant,Roba,172.88
2024-07-21,Sevilla,Alimentació,197.84
2024-10-04,Málaga,Joguines,429.62
2024-12-02,Madrid,Electrònica,122.63
2024-08-27,Alacant,Alimentació,91.63
2024-06-26,Barcelona,Alimentació,224.67
2024-01-26,València,Esport,173.36
2024-08-24,Málaga,Roba,75.93
2024-02-27,Alacant,Esport,70.69
2024-12-02,València,Llibres,62.34
2024-05-02,Saragossa,Esport,169.98
2024-01-04,Sevilla,Llibres,16.13
2024-05-21,Málaga,Roba,146.85
2024-09-11,Girona,Llibres,78.91
2024-05-04,Barcelona,Esport,55.68
2024-09-12,Sevilla,Roba,353.66
2024-05-19,Madrid,Electrònica,446.66
2024-09-15,Barcelona,Electrònica,339.37
2024-02-13,Barcelona,Llar,353.82
2024-10-21,Málaga,Llibres,181.03
2024-06-27,Barcelona,Joguines,269.08
2024-08-19,Barcelona,Joguines,350.81
2024-02-15,Madrid,Llibres,235.37
2024-04-08,Barcelona,Esport,184.91
2024-03-23,Málaga,Roba,441.79
2024-08-16,Barcelona,Llar,241.93
2024-03-10,Girona,Esport,256.44
2024-07-27,Saragossa,Electrònica,326.48
2024-05-18,València,Esport,312.33
2024-09-06,Alacant,Llar,108.08
2024-12-19,València,Llar,174.39
2024-12-08,Barcelona,Llibres,465.78
2024-10-27,València,Esport,166.06
2024-02-27,València,Roba,39.46
2024-02-22,"Barcelona, ES",Joguines,167.07
2024-11-22,Barcelona,Alimentació,444.19
2024-11-26,Barcelona,Alimentació,229.22
2024-05-13,Bilbao,Llar,342.35
2024-06-10,Sevilla,Llibres,471.95
2024-07-23,Alacant,Roba,293.45
2024-10-17,València,Alimentació,35.89
2024-09-02,Barcelona,Esport,182.83
2024-05-28,Barcelona,Llar,200.16
2024-06-23,Madrid,Llar,109.55
2024-03-16,Barcelona,Esport,462.62
2024-07-05,Madrid,Joguines,71.47
2024-02-21,Barcelona,Llibres,330.67
2024-03-03,Barcelona,Joguines,230.73
2024-12-20,Alacant,Esport,257.16
2024-09-27,València,Roba,215.26
2024-01-19,València,Llibres,253.36
2024-07-18,Sevilla,Electrònica,286.23
2024-12-12,Barcelona,Llar,44.63
2024-12-24,Sevilla,Joguines,390.54
2024-08-17,Barcelona,Esport,238.86
2024-12-22,Alacant,Electrònica,271.9
2024-10-10,Bilbao,Roba,10.34
2024-08-17,Málaga,Esport,213.4
2024-05-10,Barcelona,Llibres,375.97
2024-12-26,Sevilla,Electrònica,291.18
2024-10-02,Bilbao,Roba,314.04
2024-05-16,Barcelona,Esport,392.96
2024-05-05,Bilbao,Roba,12.03
2024-02-20,Barcelona,Esport,331.28
2024-06-26,Barcelona,Joguines,245.03
2024-09-28,Barcelona,Electrònica,299.79
2024-03-27,València,Llar,122.78
2024-08-24,Bilbao,Alimentació,421.71
2024-01-21,Madrid,Joguines,87.96
2024-07-16,Madrid,Llibres,461.62
2024-04-13,Saragossa,Llar,76.85
2024-07-01,Madrid,Joguines,340.85
2024-09-22,Alacant,Electrònica,320.52
2024-07-20,Alacant,Joguines,138.81
2024-02-09,Bilbao,Llar,339.27
2024-04-24,Saragossa,Joguines,172.02
2024-12-06,Madrid,Electrònica,416.69
2024-01-14,Barcelona,Electrònica,179.0
2024-12-10,Madrid,Electrònica,
2024-02-02,Alacant,Llibres,112.33
2024-10-21,Barcelona,Electrònica,304.32
2024-07-22,Girona,Llibres,483.75
2024-02-23,Barcelona,Roba,468.41
2024-11-15,Alacant,Roba,347.65
2024-11-25,Girona,Roba,41.63
2024-01-13,Madrid,Electrònica,407.34
2024-03-15,Barcelona,Alimentació,93.33
2024-08-04,Barcelona,Joguines,308.91
2024-02-15,Saragossa,Electrònica,NA
2024-02-19,Saragossa,Joguines,448.77
2024-03-21,Bilbao,Electrònica,136.89
2024-12-11,Málaga,Esport,
2024-12-25,València,Llar,365.24
2024-02-18,Madrid,Llar,409.9
2024-08-04,Sevilla,Roba,154.9
2024-01-21,Alacant,Llibres,269.64
2024-06-03,Málaga,Joguines,325.66
2024-03-18,Barcelona,Llar,152.94
2024-07-04,Bilbao,Roba,443.18
2024-08-24,Barcelona,Electrònica,361.27
2024-10-08,València,Electrònica,323.49
2024-08-18,Alacant,Joguines,497.94
2024-01-11,Barcelona,Joguines,205.73
2024-04-26,Bilbao,Esport,340.65
2024-09-05,Girona,Alimentació,23.25
2024-03-16,Bilbao,Llar,311.09
2024-04-23,Bilbao,Electrònica,29.73
2024-05-27,"Barcelona, ES",Llar,418.5
2024-02-27,Málaga,Electrònica,400.59
2024-04-03,"Barcelona, ES",Llar,418.77
2024-12-22,València,Electrònica,290.1
2024-03-11,Málaga,Joguines,27.57
2024-03-11,Barcelona,Roba,210.5
2024-12-12,Sevilla,Llar,293.08
2024-03-04,"Barcelona, ES",Llibres,389.94
2024-01-16,Barcelona,Electrònica,49.12
2024-11-19,Málaga,Llar,397.16
2024-08-23,Barcelona,Alimentació,263.93
2024-07-08,Alacant,Esport,300.15
2024-12-16,Bilbao,Electrònica,392.38
2024-06-14,Barcelona,Alimentació,493.37
2024-02-20,Madrid,Joguines,256.23
2024-08-25,Bilbao,Alimentació,100.89
2024-03-22,Málaga,Llar,84.08
2024-01-02,Bilbao,Roba,129.43
2024-10-26,Málaga,Llar,NA
2024-12-02,Alacant,Alimentació,19.39
2024-09-04,Barcelona,Alimentació,298.39
2024-06-14,Barcelona,Llibres,118.88
2024-02-11,Madrid,Alimentació,435.59
2024-07-08,Barcelona,Esport,445.79
2024-03-07,Alacant,Llar,189.88
2024-08-24,Barcelona,Roba,105.09
2024-03-02,Saragossa,Electrònica,60.0
2024-08-15,València,Joguines,443.77
2024-10-06,"Barcelona, ES",Llibres,453.26
2024-10-18,Málaga,Electrònica,263.28
2024-04-19,València,Llar,366.36
2024-12-28,Madrid,Roba,115.09
2024-10-05,Málaga,Electrònica,26.89
2024-08-24,Girona,Electrònica,200.19
2024-12-27,Barcelona,Llar,281.45
2024-01-23,Saragossa,Alimentació,151.42
2024-11-03,Barcelona,Llibres,353.14
2024-10-24,Sevilla,Llar,73.62
2024-12-13,Barcelona,Joguines,234.83
2024-11-01,Málaga,Electrònica,346.92
2024-09-02,Madrid,Joguines,473.32
2024-09-19,"Barcelona, ES",Joguines,312.13
2024-06-24,Alacant,Esport,338.95
2024-01-04,Madrid,Llar,185.96
2024-03-21,Sevilla,Electrònica,387.92
2024-03-11,Madrid,Electrònica,370.0
2024-10-28,Alacant,Alimentació,381.64
2024-06-12,Málaga,Esport,142.19
2024-02-12,Madrid,Llar,415.63
2024-08-23,Sevilla,Joguines,149.67
2024-10-12,"Barcelona, ES",Llibres,470.73
2024-02-07,Málaga,Llar,198.39
2024-03-10,Alacant,Electrònica,141.59
2024-12-05,València,Joguines,476.29
2024-01-10,València,Llibres,70.35
2024-06-14,València,Llibres,
2024-04-03,Barcelona,Joguines,473.99
2024-11-11,València,Roba,394.48
2024-08-19,Bilbao,Esport,225.4
2024-05-19,Barcelona,Joguines,395.69
2024-04-16,Madrid,Roba,28.42
2024-06-10,València,Alimentació,84.59
2024-09-10,Barcelona,Alimentació,347.97
2024-11-26,Barcelona,Alimentació,496.92
2024-10-05,València,Roba,283.43
2024-01-22,Madrid,Roba,226.97
2024-03-18,Madrid,Electrònica,252.21
2024-03-15,Alacant,Alimentació,
2024-12-18,Alacant,Roba,151.3
2024-05-25,Alacant,Esport,400.79
2024-12-15,Madrid,Electrònica,450.59
2024-03-22,Sevilla,Roba,
2024-10-27,Madrid,Roba,32.24
2024-11-07,Sevilla,Alimentació,384.71
2024-04-01,Barcelona,Joguines,337.42
2024-02-17,València,Llar,304.51
2024-01-22,Madrid,Alimentació,216.68
2024-07-12,Barcelona,Roba,488.87
2024-09-03,Madrid,Llar,210.73
2024-08-10,Barcelona,Llibres,214.8
2024-07-05,Málaga,Esport,107.85
2024-08-28,Sevilla,Roba,480.25
2024-07-03,Barcelona,Llibres,210.18
2024-09-15,Saragossa,Joguines,103.63
2024-07-10,Sevilla,Electrònica,154.49
2024-10-10,València,Llibres,18.29
2024-01-05,Madrid,Llibres,238.91
2024-11-22,Málaga,Llar,453.86
2024-11-08,Barcelona,Joguines,497.19
2024-02-20,Girona,Esport,220.85
2024-05-21,Saragossa,Llibres,189.74
2024-12-19,Barcelona,Roba,33.96
2024-06-15,Málaga,Alimentació,31.18
2024-06-14,Bilbao,Roba,NA
2024-05-17,Bilbao,Electrònica,384.39
2024-03-25,Barcelona,Joguines,164.69
2024-06-27,Málaga,Joguines,344.29
2024-12-12,Barcelona,Esport,76.14
2024-03-17,Madrid,Joguines,173.45
2024-03-04,Madrid,Esport,98.27
2024-09-20,Saragossa,Esport,357.71
2024-12-25,"Barcelona, ES",Llar,42.82
2024-03-01,València,Roba,73.81
2024-08-20,Sevilla,Roba,155.82
2024-12-27,Barcelona,Alimentació,75.47
2024-04-10,Barcelona,Alimentació,215.28
2024-02-03,Barcelona,Llar,26.05
2024-02-02,"Barcelona, ES",Esport,237.2
2024-05-02,Barcelona,Llibres,
2024-02-26,Barcelona,Esport,451.08
2024-03-22,Madrid,Electrònica,374.37
2024-05-19,Madrid,Alimentació,391.5
2024-10-08,València,Electrònica,291.18
2024-01-17,Madrid,Alimentació,90.03
2024-09-01,Alacant,Electrònica,460.64
2024-12-16,Madrid,Esport,338.4
2024-02-06,Málaga,Llar,259.55
2024-07-04,Girona,Roba,59.61
2024-03-16,Girona,Llibres,362.46
2024-02-11,València,Llar,302.19
2024-05-22,Alacant,Llar,206.6
2024-07-07,Málaga,Joguines,469.85
2024-06-06,Barcelona,Llibres,57.06
2024-08-17,Bilbao,Electrònica,200.43
2024-12-19,Alacant,Llibres,489.04
2024-02-12,Alacant,Roba,422.79
2024-07-04,Madrid,Llar,142.87
2024-12-25,Sevilla,Roba,401.49
2024-07-12,València,Esport,493.82
2024-09-09,Barcelona,Llar,129.09
2024-08-08,Bilbao,Alimentació,
2024-12-02,Málaga,Llar,486.18
2024-07-20,Saragossa,Alimentació,313.5
2024-02-22,Girona,Joguines,235.68
2024-05-22,València,Esport,175.09
2024-09-18,Barcelona,Joguines,NA
2024-07-04,Madrid,Roba,224.07
2024-01-02,Barcelona,Llibres,155.01
2024-12-06,València,Alimentació,197.59
2024-02-19,Saragossa,Llibres,272.0
2024-08-16,Sevilla,Alimentació,198.74
2024-08-19,Alacant,Esport,384.4
2024-05-11,Barcelona,Esport,NA
2024-06-12,"Barcelona, ES",Esport,
2024-11-11,Madrid,Llar,181.9
2024-06-02,Bilbao,Alimentació,159.49
2024-02-23,Barcelona,Roba,89.04
2024-09-11,Barcelona,Llibres,286.18
2024-07-09,Barcelona,Llar,492.95
2024-07-19,Madrid,Esport,246.74
2024-12-22,Barcelona,Llar,383.63
2024-06-06,Bilbao,Roba,104.87
2024-11-28,Alacant,Electrònica,270.24
2024-05-09,Barcelona,Esport,116.81
2024-12-03,Saragossa,Esport,171.73
2024-02-19,"Barcelona, ES",Llar,176.92
2024-02-21,Málaga,Esport,219.29
2024-09-11,Barcelona,Llar,260.11
2024-11-25,Sevilla,Electrònica,260.53
2024-03-19,València,Llibres,372.39
2024-08-09,Alacant,Esport,427.12
2024-07-19,Saragossa,Electrònica,185.32
2024-03-08,Barcelona,Llibres,422.84
2024-07-11,Málaga,Electrònica,423.75
2024-05-27,Madrid,Alimentació,302.61
2024-07-08,Barcelona,Alimentació,
2024-05-15,València,Llar,453.3
2024-04-06,Madrid,Electrònica,402.75
2024-11-18,Barcelona,Joguines,NA
2024-12-16,Girona,Electrònica,46.55
2024-10-10,Málaga,Llar,337.48
2024-02-13,Alacant,Llibres,121.84
2024-10-24,València,Electrònica,415.35
2024-09-09,València,Electrònica,65.53
2024-06-11,Málaga,Llibres,375.45
2024-04-14,Madrid,Electrònica,485.11
2024-08-14,Madrid,Esport,NA
2024-09-12,Saragossa,Electrònica,214.77
2024-11-08,Alacant,Joguines,184.68
2024-12-12,Málaga,Electrònica,453.09
2024-01-27,Girona,Joguines,346.89
2024-11-08,Madrid,Llar,479.45
2024-06-26,Saragossa,Esport,429.54
2024-07-01,Málaga,Llar,459.37
2024-05-03,Alacant,Joguines,109.14
2024-03-15,Bilbao,Joguines,206.11
2024-01-09,Málaga,Joguines,248.39
2024-12-14,Alacant,Roba,439.0
2024-02-27,Barcelona,Roba,179.17
2024-10-24,"Barcelona, ES",Llibres,349.13
2024-01-21,Bilbao,Llibres,322.34
2024-01-13,Barcelona,Roba,45.7
2024-03-08,Sevilla,Joguines,382.77
2024-10-22,València,Roba,437.39
2024-03-09,Barcelona,Esport,400.77
2024-04-03,València,Alimentació,191.77
2024-10-08,Barcelona,Electrònica,325.32
2024-11-08,Málaga,Llar,352.12
2024-03-02,València,Llar,78.88
2024-06-06,Alacant,Electrònica,
2024-09-14,Girona,Llar,249.6
2024-04-23,Barcelona,Joguines,136.77
2024-12-16,Madrid,Llar,302.04
2024-05-24,Saragossa,Llar,397.27
2024-01-10,Alacant,Alimentació,454.13
2024-06-19,Saragossa,Llar,237.1
2024-06-23,València,Alimentació,355.68
2024-12-20,Madrid,Electrònica,30.8
2024-04-16,Málaga,Esport,483.77
2024-10-23,Girona,Electrònica,
2024-09-20,Madrid,Llar,70.46
2024-09-02,Sevilla,Roba,248.96
2024-06-15,Barcelona,Roba,219.3
2024-05-04,Madrid,Alimentació,486.82
2024-05-24,Madrid,Llar,439.08
2024-10-27,Girona,Roba,220.71
2024-03-11,Girona,Llar,79.88
2024-11-21,"Barcelona, ES",Electrònica,32.01
2024-03-02,València,Alimentació,221.03
2024-08-02,València,Llibres,231.59
2024-02-28,Saragossa,Alimentació,51.32
2024-05-06,Málaga,Llibres,140.03
2024-11-19,Madrid,Electrònica,287.54
2024-07-03,Madrid,Llar,444.25
2024-01-10,Saragossa,Llibres,189.91
2024-02-27,Madrid,Electrònica,416.2
2024-11-16,València,Roba,7.87
2024-01-21,Bilbao,Llar,367.11
2024-12-26,Sevilla,Alimentació,401.77
2024-05-11,"Barcelona, ES",Llibres,476.19
2024-07-03,València,Alimentació,386.58
2024-07-03,Barcelona,Alimentació,390.85
2024-05-21,Girona,Llibres,152.78
2024-07-24,"Barcelona, ES",Roba,303.74
2024-06-22,Barcelona,Roba,247.36
2024-07-16,Madrid,Esport,379.46
2024-06-20,Barcelona,Llibres,25.02
2024-06-15,Saragossa,Llibres,81.76
2024-08-17,Bilbao,Esport,236.77
2024-02-26,València,Alimentació,343.74
2024-05-27,Madrid,Llar,28.63
2024-02-02,València,Esport,51.77
2024-11-24,Sevilla,Roba,294.86
2024-09-01,Barcelona,Llibres,394.16
2024-07-02,Barcelona,Llibres,295.67
2024-08-25,Saragossa,Esport,173.96
2024-03-07,Barcelona,Llibres,133.36
2024-11-04,València,Electrònica,
2024-02-01,Barcelona,Llar,205.52
2024-11-24,Bilbao,Llar,407.5
2024-10-12,Saragossa,Llibres,403.3
2024-02-05,Barcelona,Alimentació,12.86
2024-04-28,Barcelona,Llar,326.62
2024-07-27,Bilbao,Joguines,47.62
2024-08-05,València,Electrònica,451.7
2024-12-23,València,Llar,430.6
2024-10-08,Barcelona,Esport,198.91
2024-06-01,Barcelona,Joguines,489.85
2024-08-24,Sevilla,Llibres,148.93
2024-08-13,València,Esport,467.96
2024-08-08,Saragossa,Esport,
2024-10-11,Sevilla,Roba,211.48
2024-08-04,València,Llibres,350.27
2024-01-06,Madrid,Alimentació,221.86
2024-09-08,Sevilla,Llibres,303.04
2024-12-22,València,Roba,198.23
2024-07-27,Alacant,Llibres,399.01
2024-03-20,Madrid,Llibres,335.19
2024-03-06,Barcelona,Esport,397.77
2024-08-10,Madrid,Esport,NA
2024-01-12,Málaga,Roba,91.48
2024-09-02,"Barcelona, ES",Roba,310.69
2024-02-18,Madrid,Roba,393.52
2024-01-25,Málaga,Roba,427.44
2024-09-20,Bilbao,Llibres,NA
2024-08-26,València,Joguines,487.46
2024-10-20,Girona,Electrònica,25.77
2024-02-06,Bilbao,Joguines,184.01
2024-12-10,Saragossa,Joguines,367.61
2024-02-05,Bilbao,Roba,65.88
2024-04-15,Alacant,Joguines,126.43
2024-08-11,Madrid,Alimentació,189.36
2024-07-12,Bilbao,Alimentació,377.99
2024-07-26,Madrid,Joguines,459.42
2024-08-28,Sevilla,Llibres,19.73
2024-03-25,Barcelona,Joguines,39.44
2024-06-11,València,Joguines,35.43
2024-01-22,Alacant,Alimentació,33.62
2024-11-23,"Barcelona, ES",Esport,212.56
2024-11-23,Sevilla,Roba,160.28
2024-06-01,Málaga,Esport,77.7
2024-07-15,Bilbao,Esport,311.0
2024-08-23,Madrid,Joguines,205.23
2024-04-10,Barcelona,Esport,363.92
2024-12-05,Sevilla,Esport,50.95
2024-09-10,Sevilla,Joguines,16.59
2024-09-19,Madrid,Joguines,364.62
2024-09-04,Girona,Joguines,315.36
2024-06-04,Barcelona,Llibres,227.12
2024-10-24,Barcelona,Roba,403.67
2024-10-19,Saragossa,Llibres,423.03
2024-04-12,Madrid,Llibres,358.85
2024-11-05,Saragossa,Esport,57.09
2024-09-19,Barcelona,Joguines,53.5
2024-12-14,Málaga,Electrònica,215.32
2024-03-16,Madrid,Electrònica,265.5
2024-10-18,Sevilla,Llar,294.23
2024-11-14,Alacant,Llibres,247.32
2024-07-27,Barcelona,Esport,357.02
2024-03-23,València,Esport,110.26
2024-08-02,Girona,Esport,476.15
2024-10-28,València,Electrònica,148.35
2024-09-05,Barcelona,Roba,155.11
2024-08-01,"Barcelona, ES",Alimentació,213.77
2024-05-10,Madrid,Joguines,6.03
2024-09-12,Barcelona,Electrònica,288.66
2024-10-15,Málaga,Joguines,418.06
2024-10-05,Girona,Esport,382.03
2024-11-15,Barcelona,Llibres,400.91
2024-11-20,València,Alimentació,172.8
2024-01-22,Málaga,Llibres,48.82
2024-03-23,Barcelona,Llibres,355.16
2024-09-21,Barcelona,Esport,477.81
2024-09-19,Girona,Esport,376.53
2024-09-01,Barcelona,Esport,14.39
2024-04-08,Málaga,Joguines,224.89
2024-09-20,Madrid,Esport,NA
2024-01-11,València,Llar,
2024-09-11,Madrid,Electrònica,54.17
2024-03-10,Barcelona,Roba,81.34
2024-07-22,Barcelona,Esport,94.82
2024-12-02,Madrid,Electrònica,209.35
2024-06-09,Madrid,Joguines,30.68
2024-04-25,Sevilla,Alimentació,377.43
2024-07-04,Madrid,Roba,206.5
2024-08-01,València,Alimentació,14.22
2024-09-19,Saragossa,Alimentació,327.52
2024-03-10,Sevilla,Llar,319.72
2024-04-26,Alacant,Roba,88.25
2024-04-18,Alacant,Esport,5.5
2024-08-27,Bilbao,Llibres,5.27
2024-08-09,Sevilla,Joguines,499.62
2024-11-07,Sevilla,Esport,84.9
2024-09-19,Barcelona,Electrònica,65.87
2024-03-24,Sevilla,Roba,109.37
2024-09-26,Madrid,Llibres,319.41
2024-12-15,Madrid,Llibres,174.11
2024-08-20,Madrid,Llibres,461.52
2024-10-16,Barcelona,Electrònica,209.52
2024-12-23,València,Llar,394.72
2024-11-21,Barcelona,Electrònica,408.95
2024-08-22,Barcelona,Joguines,302.65
2024-07-06,Málaga,Joguines,9.17
2024-08-12,Alacant,Llar,
2024-12-01,Girona,Llibres,182.12
2024-02-27,Bilbao,Roba,114.47
2024-08-12,Barcelona,Llar,354.95
2024-04-01,Barcelona,Joguines,59.92
2024-05-19,València,Alimentació,331.62
2024-10-22,Saragossa,Esport,296.14
2024-12-03,Barcelona,Esport,441.1
2024-12-26,Madrid,Joguines,496.02
2024-12-22,Sevilla,Roba,442.14
2024-01-14,Bilbao,Llibres,NA
2024-06-14,Málaga,Llar,341.69
2024-08-16,Madrid,Joguines,NA
2024-12-08,Barcelona,Llar,161.54
2024-07-07,Madrid,Esport,495.18
2024-04-23,València,Electrònica,102.45
2024-06-10,Barcelona,Llibres,242.58
2024-01-19,"Barcelona, ES",Roba,127.34
2024-08-08,Alacant,Joguines,NA
2024-06-17,"Barcelona, ES",Electrònica,311.69
2024-02-21,València,Electrònica,35.04
2024-01-13,Madrid,Joguines,392.41
2024-01-26,València,Roba,218.76
2024-02-22,Barcelona,Electrònica,193.82
2024-02-20,Girona,Alimentació,394.8
2024-10-01,València,Llar,440.57
2024-10-04,Madrid,Llibres,229.77
2024-06-19,Barcelona,Electrònica,
2024-12-03,Sevilla,Joguines,288.74
2024-11-17,Madrid,Llar,312.32
2024-03-08,Barcelona,Electrònica,159.28
2024-07-17,Alacant,Joguines,293.91
2024-09-25,Barcelona,Llar,174.74
2024-06-01,Sevilla,Llibres,33.37
2024-09-27,Málaga,Joguines,NA
2024-06-07,Alacant,Llibres,393.71
2024-06-07,Bilbao,Llibres,236.36
2024-12-11,Málaga,Esport,309.97
2024-07-11,Barcelona,Llar,455.72
2024-08-08,Alacant,Llibres,118.99
2024-10-07,Madrid,Llibres,408.25
2024-12-13,Barcelona,Alimentació,8.33
2024-01-03,Madrid,Esport,148.84
2024-04-21,Sevilla,Joguines,487.78
2024-04-07,Madrid,Alimentació,360.82
2024-06-28,Sevilla,Alimentació,92.16
2024-05-04,Barcelona,Llibres,329.16
2024-02-11,Alacant,Roba,187.97
2024-06-22,Barcelona,Esport,498.86
2024-07-23,Barcelona,Alimentació,69.74
2024-04-07,Sevilla,Llibres,301.78
2024-11-08,Alacant,Joguines,98.61
2024-09-10,"Barcelona, ES",Roba,316.58
2024-05-28,Barcelona,Esport,443.49
2024-04-24,Barcelona,Llar,309.37
2024-03-17,Madrid,Llibres,190.26
2024-09-15,Barcelona,Llibres,348.78
2024-12-16,València,Esport,460.99
2024-10-21,Barcelona,Alimentació,228.78
2024-04-13,Madrid,Llar,287.83
2024-06-09,Sevilla,Alimentació,151.05
2024-09-12,Madrid,Electrònica,312.46
2024-07-15,València,Llar,251.28
2024-05-13,Barcelona,Llar,324.45
2024-06-03,Madrid,Esport,323.61
2024-05-08,Barcelona,Electrònica,275.28
2024-06-07,Saragossa,Roba,408.7
2024-11-28,Madrid,Llibres,73.24
2024-12-24,Sevilla,Roba,
2024-05-10,Málaga,Joguines,473.18
2024-10-25,Bilbao,Llar,494.69
2024-03-28,València,Alimentació,108.89
2024-04-17,Sevilla,Esport,362.64
2024-08-11,"Barcelona, ES",Roba,217.25
2024-12-14,Madrid,Llar,19.9
2024-03-19,Málaga,Roba,9.79
2024-11-27,Madrid,Alimentació,344.45
2024-07-25,Girona,Esport,295.54
2024-10-26,Barcelona,Alimentació,476.56
2024-06-19,Bilbao,Esport,289.07
2024-07-13,Barcelona,Llar,196.28
2024-08-04,Madrid,Llar,155.8
2024-03-04,Saragossa,Alimentació,NA
2024-12-20,València,Alimentació,456.12
2024-07-10,Barcelona,Roba,39.64
2024-01-12,Sevilla,Alimentació,455.36
2024-07-06,Alacant,Alimentació,241.73
2024-02-13,Alacant,Joguines,435.87
2024-05-14,Málaga,Llibres,303.84
2024-05-19,Barcelona,Llibres,141.34
2024-01-05,València,Joguines,404.75
2024-09-11,Málaga,Llar,290.19
2024-12-03,Madrid,Llar,422.11
2024-05-13,Bilbao,Joguines,210.45
2024-03-20,Girona,Llar,331.24
2024-12-19,Barcelona,Llibres,123.65
2024-03-09,Málaga,Esport,458.57
2024-12-24,Saragossa,Alimentació,208.58
2024-09-04,Alacant,Electrònica,254.68
2024-06-14,València,Roba,27.09
2024-01-03,Bilbao,Llibres,193.67
2024-12-13,Málaga,Llar,NA
2024-05-04,Saragossa,Alimentació,375.59
2024-08-15,Barcelona,Esport,358.22
2024-08-05,València,Roba,89.44
2024-01-20,Barcelona,Roba,372.02
2024-03-03,Saragossa,Electrònica,80.98
2024-06-06,Madrid,Electrònica,268.49
2024-08-23,Barcelona,Llibres,322.3
2024-12-22,Málaga,Llar,224.77
2024-10-01,Barcelona,Llar,464.77
2024-06-08,Barcelona,Electrònica,494.7
2024-06-27,Barcelona,Llibres,479.58
2024-02-26,Málaga,Llibres,87.69
2024-07-17,Barcelona,Roba,315.26
2024-10-07,Alacant,Llar,64.8
2024-04-04,Madrid,Alimentació,
2024-11-11,Barcelona,Alimentació,37.68
2024-05-21,Bilbao,Electrònica,113.19
2024-05-25,Bilbao,Electrònica,396.67
2024-10-06,Madrid,Electrònica,490.8
2024-12-13,Saragossa,Joguines,169.36
2024-11-25,Málaga,Roba,334.85
2024-02-11,Barcelona,Esport,257.96
2024-12-08,València,Llibres,120.14
2024-10-25,Málaga,Roba,217.11
2024-04-20,Barcelona,Alimentació,151.82
2024-03-13,Barcelona,Electrònica,364.03
2024-08-24,Málaga,Alimentació,323.58
2024-01-17,"Barcelona, ES",Llar,147.79
2024-01-08,Málaga,Roba,106.88
2024-01-22,Alacant,Joguines,361.15
2024-10-28,Madrid,Roba,316.74
2024-02-28,València,Alimentació,NA
2024-03-07,Barcelona,Alimentació,416.45
2024-04-08,València,Llar,159.17
2024-12-07,Madrid,Alimentació,155.03
2024-10-15,Alacant,Alimentació,391.74
2024-02-12,València,Alimentació,214.24
2024-10-24,València,Alimentació,397.81
2024-01-25,Madrid,Joguines,453.7
2024-05-20,Sevilla,Esport,132.36
2024-08-10,València,Llar,243.02
2024-06-05,Saragossa,Alimentació,98.86
2024-01-28,València,Llibres,205.25
2024-07-13,Alacant,Roba,157.37
2024-10-03,València,Electrònica,66.62
2024-10-06,Barcelona,Llar,386.78
2024-12-12,València,Llar,187.25
2024-01-21,Madrid,Llar,124.96
2024-01-27,Madrid,Llibres,350.25
2024-11-05,Madrid,Llar,77.95
2024-04-20,Sevilla,Llibres,11.11
2024-02-21,Saragossa,Llar,295.15
2024-02-17,Málaga,Llar,216.3
2024-12-10,València,Esport,194.48
2024-05-24,València,Llibres,59.09
2024-10-25,"Barcelona, ES",Joguines,375.62
2024-12-13,Saragossa,Electrònica,409.11
2024-01-04,Barcelona,Llibres,211.34
2024-05-24,València,Alimentació,353.5
2024-04-16,Barcelona,Electrònica,408.11
2024-03-07,Barcelona,Alimentació,99.98
2024-07-15,Bilbao,Esport,320.03
2024-02-10,Barcelona,Electrònica,174.37
2024-10-08,València,Llibres,9.71
2024-05-25,Alacant,Llibres,493.87
2024-02-07,Sevilla,Electrònica,262.44
2024-05-16,València,Roba,171.59
2024-11-11,Alacant,Joguines,183.8
2024-07-13,Bilbao,Roba,404.1
2024-01-15,Málaga,Llar,444.55
2024-03-01,Bilbao,Joguines,475.78
2024-04-12,València,Llibres,240.22
2024-07-22,Barcelona,Llibres,407.25
2024-01-21,Madrid,Electrònica,369.23
2024-11-15,Madrid,Llar,308.23
2024-02-12,València,Llar,429.26
2024-02-24,Madrid,Esport,75.86
2024-09-19,"Barcelona, ES",Llibres,68.29
2024-02-10,Málaga,Esport,236.07
2024-08-04,València,Esport,109.76
2024-11-23,Barcelona,Llar,19.46
2024-06-13,Girona,Alimentació,334.64
2024-11-04,Bilbao,Esport,248.52
2024-12-11,Málaga,Esport,302.34
2024-11-11,Madrid,Llibres,363.89
2024-11-21,"Barcelona, ES",Joguines,120.52
2024-05-04,Madrid,Electrònica,371.59
2024-04-24,Alacant,Esport,427.4
2024-07-19,Girona,Roba,270.12
2024-07-14,Madrid,Roba,467.29
2024-03-17,Bilbao,Esport,200.68
2024-09-28,València,Alimentació,151.93
2024-04-16,Saragossa,Alimentació,77.21
2024-11-28,"Barcelona, ES",Llibres,NA
2024-06-10,València,Llibres,498.44
2024-12-19,València,Joguines,149.29
2024-07-02,Alacant,Roba,359.8
2024-12-26,Madrid,Llibres,NA
2024-03-28,València,Llar,408.43
2024-03-01,Sevilla,Roba,239.34
2024-06-25,Madrid,Electrònica,145.1
2024-12-07,Saragossa,Esport,69.8
2024-10-28,"Barcelona, ES",Joguines,155.52
2024-11-06,Sevilla,Llar,149.09
2024-03-07,Madrid,Llibres,327.36
2024-06-24,Málaga,Electrònica,494.3
2024-03-13,Alacant,Llar,88.27
2024-01-04,Madrid,Llar,30.97
2024-09-21,Madrid,Llar,315.35
2024-07-08,Barcelona,Alimentació,154.83
2024-10-06,Bilbao,Llar,495.63
2024-11-22,Barcelona,Llar,326.9
2024-05-21,Bilbao,Roba,
2024-02-03,Barcelona,Llibres,257.33
2024-01-19,Sevilla,Esport,348.39
2024-02-26,Sevilla,Llar,324.08
2024-07-10,Sevilla,Electrònica,358.32
2024-09-06,València,Llibres,
2024-09-27,Sevilla,Joguines,36.65
2024-10-18,Saragossa,Joguines,377.99
2024-04-22,Málaga,Alimentació,349.13
2024-01-18,València,Roba,68.76
2024-04-21,Barcelona,Esport,377.77
2024-02-04,València,Roba,89.94
2024-11-01,Madrid,Electrònica,262.12
2024-05-22,Sevilla,Alimentació,349.08
2024-09-12,Bilbao,Esport,54.01
2024-01-08,Barcelona,Alimentació,417.15
2024-03-20,Sevilla,Esport,68.6
2024-10-14,Barcelona,Roba,326.64
2024-03-13,València,Roba,470.4
2024-03-18,Barcelona,Llibres,497.7
2024-12-21,Barcelona,Roba,325.65
2024-09-20,Barcelona,Joguines,496.26
2024-07-13,Barcelona,Esport,138.71
2024-09-04,Saragossa,Llar,321.89
2024-06-11,Girona,Alimentació,116.75
2024-01-04,Madrid,Alimentació,56.98
2024-02-06,Sevilla,Roba,404.37
2024-02-17,Madrid,Esport,278.01
2024-10-04,Málaga,Alimentació,377.18
2024-03-12,"Barcelona, ES",Llibres,268.18
2024-10-28,València,Esport,9.7
2024-09-23,Barcelona,Alimentació,285.94
2024-05-02,Alacant,Llibres,355.21
2024-04-22,Bilbao,Llibres,222.29
2024-06-26,València,Roba,216.74
2024-12-27,Madrid,Llibres,473.99
2024-07-25,Madrid,Electrònica,42.96
2024-04-03,Barcelona,Electrònica,146.5
2024-08-26,Málaga,Llar,466.56
2024-03-16,València,Llibres,444.6
2024-12-04,València,Esport,416.54
2024-01-23,València,Esport,125.89
2024-12-22,Alacant,Joguines,472.75
2024-11-20,Barcelona,Llar,338.89
2024-09-08,Barcelona,Roba,259.27
2024-01-14,València,Alimentació,61.05
2024-11-08,Málaga,Joguines,63.34
2024-05-16,Madrid,Alimentació,
2024-11-19,València,Roba,479.77
2024-09-27,Málaga,Llar,424.93
2024-01-12,Barcelona,Llar,180.18
2024-01-12,Málaga,Alimentació,9.39
2024-07-16,Barcelona,Esport,81.09
2024-02-16,Barcelona,Joguines,116.92
2024-07-12,Madrid,Llar,270.53
2024-05-04,Alacant,Llibres,85.11
2024-06-24,València,Roba,356.06
2024-02-07,Madrid,Alimentació,373.24
2024-01-06,Bilbao,Llar,491.55
2024-02-14,València,Llar,358.59
2024-06-25,Girona,Llar,462.16
2024-07-05,Barcelona,Electrònica,67.43
2024-06-17,Barcelona,Llibres,340.76
2024-06-14,Alacant,Llibres,
2024-08-10,Madrid,Electrònica,127.63
2024-03-24,València,Alimentació,61.93
2024-05-23,Madrid,Joguines,239.58
2024-02-23,Saragossa,Esport,496.31
2024-10-21,Bilbao,Alimentació,203.64
2024-05-07,Alacant,Llar,
2024-04-03,Málaga,Llar,156.69
2024-11-08,Madrid,Llar,257.38
2024-11-02,Madrid,Roba,471.78
2024-12-14,Madrid,Electrònica,5.27
2024-11-24,Madrid,Roba,454.7
2024-02-14,Barcelona,Llar,155.66
2024-02-22,Barcelona,Esport,69.5
2024-06-24,"Barcelona, ES",Llibres,266.79
2024-06-08,Bilbao,Alimentació,48.18
2024-02-05,Bilbao,Esport,295.35
2024-11-27,Barcelona,Llibres,53.83
2024-09-20,Madrid,Llibres,381.69
2024-09-24,Barcelona,Alimentació,277.5
2024-05-25,Málaga,Esport,447.98
2024-08-21,Saragossa,Llar,212.41
2024-09-26,Barcelona,Esport,483.91
2024-05-02,Alacant,Electrònica,348.43
2024-12-27,València,Llibres,259.18
2024-02-06,València,Esport,390.79
2024-07-20,Madrid,Alimentació,
2024-10-07,Sevilla,Electrònica,396.37
2024-08-17,Saragossa,Esport,426.98
2024-05-23,Madrid,Electrònica,27.58
2024-04-10,Barcelona,Alimentació,142.49
2024-03-09,Málaga,Electrònica,128.26
2024-04-18,Barcelona,Llibres,304.55
2024-06-11,Barcelona,Llibres,135.7
2024-03-14,Málaga,Roba,33.35
2024-01-27,Madrid,Llibres,92.48
2024-01-18,Bilbao,Joguines,391.35
2024-02-24,Girona,Llar,132.39
2024-11-21,Bilbao,Alimentació,114.22
2024-05-07,Sevilla,Joguines,200.75
2024-08-08,Saragossa,Llar,451.57
2024-02-16,Barcelona,Alimentació,92.17
2024-10-16,Alacant,Alimentació,15.42
2024-03-06,Málaga,Llibres,39.38
2024-02-14,Madrid,Llibres,54.62
2024-09-05,Saragossa,Joguines,
2024-02-13,Madrid,Electrònica,382.91
2024-11-02,Barcelona,Joguines,75.6
2024-11-20,Barcelona,Electrònica,57.64
2024-12-27,Madrid,Llibres,73.92
2024-10-15,Málaga,Roba,81.48
2024-01-18,Saragossa,Llibres,15.5
2024-01-04,Sevilla,Electrònica,419.06
2024-03-01,Málaga,Electrònica,195.76
2024-06-21,Madrid,Llibres,442.69
2024-02-16,Barcelona,Electrònica,478.45
2024-05-12,Barcelona,Roba,462.04
2024-02-02,Bilbao,Alimentació,170.75
2024-03-22,València,Llibres,314.26
2024-05-12,Málaga,Roba,332.56
2024-05-26,Málaga,Joguines,6.08
2024-03-25,Bilbao,Roba,226.11
2024-08-27,Barcelona,Esport,364.72
2024-03-03,Madrid,Alimentació,195.58
2024-06-16,València,Llibres,302.86
2024-11-11,Barcelona,Llibres,194.68
2024-09-16,Sevilla,Llar,411.6
2024-07-03,Sevilla,Llar,389.41
2024-12-08,Saragossa,Alimentació,105.62
2024-01-12,Sevilla,Alimentació,34.49
2024-06-12,Málaga,Joguines,73.98
2024-08-05,Málaga,Esport,456.91
2024-04-07,Málaga,Electrònica,63.03
2024-12-23,Barcelona,Llibres,
2024-07-12,Barcelona,Electrònica,41.52
2024-10-28,Barcelona,Alimentació,44.1
2024-02-01,Sevilla,Joguines,383.88
2024-08-24,Barcelona,Esport,153.26
2024-07-24,Madrid,Joguines,11.54
2024-02-05,Barcelona,Llibres,NA
2024-03-17,Barcelona,Llar,341.55
2024-08-18,Saragossa,Roba,253.43
2024-12-08,València,Alimentació,50.51
2024-07-05,Girona,Llar,113.36
2024-03-27,Girona,Esport,43.22
2024-12-15,València,Llibres,414.49
2024-03-02,"Barcelona, ES",Llibres,138.61
2024-02-03,Madrid,Joguines,18.88
2024-05-06,Sevilla,Electrònica,10.43
2024-05-07,Sevilla,Llibres,123.97
2024-02-19,Sevilla,Esport,244.48
2024-01-11,Barcelona,Roba,
2024-06-25,Madrid,Llar,160.66
2024-07-24,Madrid,Alimentació,53.2
2024-07-24,València,Esport,79.34
2024-10-26,Madrid,Esport,23.52
2024-03-05,Saragossa,Electrònica,51.18
2024-12-08,Málaga,Joguines,74.73
2024-12-06,Alacant,Esport,365.72
2024-11-17,Alacant,Roba,69.94
2024-05-12,Bilbao,Llar,NA
2024-12-25,Saragossa,Alimentació,307.14
2024-02-05,Sevilla,Llar,12.4
2024-05-18,Málaga,Joguines,48.15
2024-02-15,Madrid,Roba,143.66
2024-06-12,Barcelona,Alimentació,233.07
2024-08-09,Girona,Llar,74.52
2024-02-19,València,Roba,203.46
2024-10-22,Barcelona,Roba,314.19
2024-06-12,Barcelona,Llar,135.1
2024-11-02,Bilbao,Llibres,NA
2024-04-23,Málaga,Electrònica,57.12
2024-07-06,Sevilla,Joguines,197.17
2024-08-22,Barcelona,Llar,269.88
2024-08-04,Barcelona,Llibres,479.98
2024-07-25,València,Llar,162.06
2024-10-16,Madrid,Llibres,142.8
2024-01-18,Barcelona,Llar,110.67
2024-10-02,Alacant,Joguines,468.55
2024-06-26,València,Llar,109.69
2024-01-25,Saragossa,Roba,92.17
2024-03-03,Madrid,Electrònica,357.54
2024-07-17,Madrid,Roba,31.6
2024-07-11,Alacant,Roba,177.89
2024-07-16,València,Llibres,482.97
2024-07-12,Málaga,Esport,9.92
2024-10-07,Barcelona,Llibres,76.59
2024-11-27,Alacant,Llibres,367.9
2024-01-05,Málaga,Alimentació,161.62
2024-11-14,Madrid,Llibres,
2024-08-27,Málaga,Llibres,484.88
2024-02-02,Madrid,Alimentació,275.31
2024-03-20,Madrid,Roba,99.62
2024-11-19,Alacant,Roba,13.01
2024-05-17,Málaga,Electrònica,326.21
2024-08-14,València,Roba,215.8
2024-06-04,Alacant,Llar,92.56
2024-10-06,Sevilla,Llar,331.5
2024-11-14,Bilbao,Llibres,462.94
2024-02-03,"Barcelona, ES",Electrònica,13.13
2024-07-04,València,Joguines,274.64
2024-11-15,València,Joguines,NA
2024-05-28,València,Alimentació,278.04
2024-02-07,Málaga,Electrònica,397.91
2024-08-14,Málaga,Llibres,371.87
2024-01-12,Girona,Esport,440.41
2024-05-10,Málaga,Joguines,338.28
2024-01-14,Barcelona,Electrònica,190.33
2024-09-27,Girona,Roba,479.78
2024-07-08,Sevilla,Llar,324.0
2024-01-26,Alacant,Llar,319.96
2024-12-06,València,Roba,221.51
2024-02-23,"Barcelona, ES",Esport,290.58
2024-07-27,Girona,Roba,83.73
2024-06-07,Barcelona,Electrònica,316.3
2024-10-05,Barcelona,Llibres,486.34
2024-10-13,Barcelona,Llibres,229.58
2024-11-25,Madrid,Alimentació,114.77
2024-04-18,Málaga,Llibres,394.09
2024-05-22,Barcelona,Electrònica,315.58
2024-11-19,Málaga,Electrònica,299.97
2024-02-05,Madrid,Alimentació,249.65
2024-06-27,Madrid,Electrònica,15.87
2024-02-16,Alacant,Electrònica,212.85
2024-06-21,Málaga,Joguines,152.88
2024-03-22,Sevilla,Esport,63.02
2024-06-12,València,Esport,7.48
2024-09-24,Madrid,Electrònica,19.63
2024-01-17,València,Alimentació,185.62
2024-04-01,Madrid,Alimentació,347.34
2024-03-09,Madrid,Alimentació,177.53
2024-09-21,Madrid,Llibres,220.85
2024-07-07,Madrid,Alimentació,444.22
2024-05-13,Barcelona,Joguines,159.23
2024-04-24,València,Llar,374.8
2024-06-20,Barcelona,Llar,285.74
2024-06-21,Málaga,Llar,21.71
2024-09-09,Sevilla,Roba,439.24
2024-09-12,València,Electrònica,164.73
2024-03-12,Madrid,Alimentació,189.12
2024-06-04,Barcelona,Llibres,
2024-06-07,València,Joguines,120.16
2024-02-13,Madrid,Alimentació,55.95
2024-05-23,Bilbao,Joguines,42.04
2024-11-14,Saragossa,Llar,163.46
2024-04-02,"Barcelona, ES",Llar,NA
2024-05-14,Barcelona,Llar,166.8
2024-07-08,Sevilla,Roba,
2024-10-01,Málaga,Roba,483.59
2024-01-18,Alacant,Electrònica,13.05
2024-08-04,Málaga,Llar,140.96
2024-06-13,Barcelona,Joguines,308.1
2024-07-10,Saragossa,Llar,322.34
2024-02-27,Madrid,Esport,115.89
2024-01-05,Barcelona,Roba,363.51
2024-04-06,Barcelona,Llibres,187.6
2024-09-01,Alacant,Joguines,NA
2024-01-04,Barcelona,Roba,168.02
2024-10-26,"Barcelona, ES",Roba,462.8
2024-10-15,Barcelona,Roba,377.75
2024-07-21,València,Electrònica,124.06
2024-08-22,València,Roba,366.78
2024-04-03,Madrid,Roba,179.74
2024-04-22,Bilbao,Joguines,43.62
2024-08-02,Madrid,Llibres,410.16
2024-04-16,Barcelona,Alimentació,381.99
2024-09-28,Madrid,Roba,329.37
2024-09-04,Málaga,Alimentació,195.86
2024-08-28,Bilbao,Alimentació,98.04
2024-05-14,Barcelona,Roba,290.73
2024-02-05,València,Electrònica,124.08
2024-08-06,Madrid,Llar,229.06
2024-05-04,Alacant,Electrònica,109.97
2024-07-17,València,Roba,NA
2024-05-12,Barcelona,Llibres,464.37
2024-04-10,Barcelona,Alimentació,267.13
2024-08-17,València,Llibres,NA
2024-04-04,Madrid,Electrònica,289.74
2024-04-03,Sevilla,Roba,312.01
2024-12-13,València,Electrònica,412.91
2024-12-09,València,Alimentació,177.08
2024-05-23,Sevilla,Llibres,
2024-03-17,Málaga,Esport,156.14
2024-12-08,Barcelona,Llibres,97.74
2024-08-05,Alacant,Llibres,170.36
2024-03-09,Málaga,Alimentació,427.28
2024-10-12,Alacant,Esport,
2024-04-16,Barcelona,Joguines,
2024-11-10,Málaga,Esport,378.72
2024-02-04,Madrid,Llibres,247.88
2024-06-18,Madrid,Llar,232.08
2024-06-10,Saragossa,Esport,429.19
2024-10-16,Barcelona,Llibres,321.7
2024-03-14,Málaga,Llibres,181.81
2024-01-08,Sevilla,Llibres,182.91
2024-12-03,Barcelona,Llar,482.9
2024-11-22,Sevilla,Llar,438.67
2024-03-09,Málaga,Roba,198.56
2024-07-09,Madrid,Electrònica,352.41
2024-10-04,València,Llar,397.3
2024-06-10,Barcelona,Electrònica,344.34
2024-08-22,Barcelona,Roba,333.84
2024-05-16,Madrid,Joguines,229.66
2024-04-10,Málaga,Electrònica,NA
2024-05-01,València,Llibres,29.7
2024-03-12,Málaga,Joguines,334.34
2024-09-05,Alacant,Llibres,497.98
2024-04-14,Sevilla,Electrònica,20.91
2024-06-08,"Barcelona, ES",Llibres,202.56
2024-02-09,Alacant,Esport,284.13
2024-11-11,"Barcelona, ES",Alimentació,103.76
2024-03-14,Sevilla,Roba,152.18
2024-11-15,Sevilla,Llar,417.76
2024-02-05,Sevilla,Llibres,467.77
2024-12-12,València,Llar,480.92
2024-08-01,Málaga,Electrònica,213.35
2024-03-20,Málaga,Joguines,258.54
2024-03-20,Sevilla,Esport,31.5
2024-07-05,València,Electrònica,382.68
2024-09-15,Málaga,Electrònica,NA
2024-11-04,Madrid,Electrònica,284.89
2024-12-11,Málaga,Electrònica,338.83
2024-12-23,Barcelona,Alimentació,283.21
2024-08-05,Madrid,Llibres,81.61
2024-11-10,Saragossa,Electrònica,313.71
2024-04-04,Barcelona,Alimentació,64.91
2024-02-08,Barcelona,Llar,
2024-09-15,Madrid,Electrònica,244.44
2024-03-27,Madrid,Joguines,411.73
2024-11-15,Málaga,Esport,77.39
2024-01-06,Barcelona,Llibres,89.53
2024-12-23,Sevilla,Llar,148.28
2024-02-19,València,Llibres,195.98
2024-02-15,València,Llar,145.29
2024-02-19,Madrid,Esport,324.33
2024-11-20,València,Roba,236.61
2024-12-15,Madrid,Alimentació,428.64
2024-09-07,Madrid,Llibres,258.96
2024-03-21,Barcelona,Llibres,172.95
2024-12-28,"Barcelona, ES",Roba,330.93
2024-07-03,Málaga,Llibres,481.46
2024-10-22,Barcelona,Llibres,388.82
2024-09-09,Barcelona,Roba,292.46
2024-10-20,Málaga,Electrònica,NA
2024-12-06,Madrid,Llibres,467.45
2024-08-11,Girona,Joguines,367.66
2024-04-04,Málaga,Alimentació,195.12
2024-07-03,Barcelona,Roba,424.17
2024-02-15,Girona,Esport,19.58
2024-03-11,Barcelona,Llar,494.49
2024-10-18,Barcelona,Roba,341.03
2024-04-07,Girona,Llar,405.29
2024-04-03,Sevilla,Llibres,52.62
2024-01-26,Barcelona,Electrònica,206.97
2024-09-28,Barcelona,Alimentació,479.08
2024-12-21,Sevilla,Alimentació,287.33
2024-08-17,Madrid,Esport,427.44
2024-02-15,València,Llar,286.73
2024-03-26,Sevilla,Electrònica,119.13
2024-10-18,Madrid,Alimentació,148.5
2024-05-13,Saragossa,Electrònica,83.14
2024-05-03,Sevilla,Alimentació,466.25
2024-09-10,València,Electrònica,446.45
2024-10-16,Alacant,Roba,20.98
2024-07-09,Barcelona,Joguines,NA
2024-04-18,Málaga,Roba,333.35
2024-01-08,València,Joguines,452.64
2024-12-27,Girona,Electrònica,40.03
2024-07-20,Girona,Electrònica,241.99
2024-03-09,Saragossa,Electrònica,NA
2024-09-08,Bilbao,Llar,391.86
2024-04-01,Alacant,Electrònica,406.62
2024-09-20,Málaga,Llibres,13.96
2024-08-02,Madrid,Llar,217.71
2024-07-18,Barcelona,Llar,309.75
2024-06-12,Barcelona,Llar,122.89
2024-02-19,Barcelona,Llar,444.73
2024-09-19,Barcelona,Joguines,
2024-12-08,"Barcelona, ES",Electrònica,NA
2024-08-06,Madrid,Roba,329.33
2024-04-10,Barcelona,Llar,65.58
2024-02-03,Madrid,Esport,354.1
2024-06-28,Madrid,Llibres,186.63
2024-09-10,Málaga,Alimentació,137.43
2024-12-18,València,Electrònica,208.36
2024-10-16,Madrid,Alimentació,421.51
2024-09-08,Madrid,Esport,189.33
2024-03-02,Alacant,Llibres,383.28
2024-02-01,València,Electrònica,296.18
2024-05-27,Alacant,Electrònica,306.83
2024-08-01,Málaga,Llar,116.1
2024-07-06,Bilbao,Esport,NA
2024-05-02,Sevilla,Roba,455.48
2024-06-27,Málaga,Joguines,112.19
2024-01-11,Saragossa,Esport,216.64
2024-12-24,Girona,Joguines,197.11
2024-12-22,Madrid,Esport,288.44
2024-10-25,Sevilla,Alimentació,236.33
2024-04-05,Málaga,Roba,475.73
2024-02-08,Girona,Roba,200.33
2024-10-09,Madrid,Llibres,328.25
2024-10-01,Barcelona,Esport,418.82
2024-03-15,València,Llar,
2024-01-12,València,Joguines,207.26
2024-10-03,Madrid,Esport,476.88
2024-08-06,Madrid,Joguines,435.18
2024-03-08,Bilbao,Alimentació,329.71
2024-04-04,Bilbao,Alimentació,430.98
2024-10-11,Barcelona,Llibres,476.09
2024-05-09,Barcelona,Joguines,179.9
2024-12-02,Bilbao,Roba,255.93
2024-02-17,Barcelona,Alimentació,188.82
2024-11-14,Barcelona,Llar,75.82
2024-06-20,"Barcelona, ES",Roba,449.21
2024-06-16,Alacant,Roba,84.35
2024-01-10,Alacant,Esport,
2024-10-07,"Barcelona, ES",Esport,372.31
2024-10-23,Madrid,Alimentació,293.43
2024-11-24,Barcelona,Joguines,43.83
2024-02-08,Sevilla,Esport,368.31
2024-09-24,Barcelona,Esport,305.52
2024-11-17,Sevilla,Roba,418.82
2024-05-08,Madrid,Joguines,184.17
2024-08-11,Girona,Electrònica,225.28
2024-07-12,Barcelona,Esport,457.74
2024-11-16,Bilbao,Llar,118.73
2024-03-18,Madrid,Llar,334.62
2024-10-09,"Barcelona, ES",Roba,45.35
2024-07-17,Alacant,Esport,441.31
2024-04-06,Málaga,Electrònica,212.22
2024-09-23,Alacant,Llibres,435.38
2024-07-01,Saragossa,Electrònica,434.11
2024-07-14,Madrid,Llar,124.51
2024-05-04,Madrid,Joguines,297.78
2024-10-04,Alacant,Electrònica,460.76
2024-08-14,Bilbao,Llibres,148.2
2024-08-23,Barcelona,Alimentació,296.83
2024-09-03,Barcelona,Electrònica,188.09
2024-11-15,Madrid,Llar,362.65
2024-05-25,Barcelona,Roba,28.9
2024-09-17,Sevilla,Joguines,146.2
2024-07-11,Girona,Alimentació,NA
2024-12-24,Madrid,Esport,440.39
2024-06-04,Madrid,Alimentació,140.56
2024-08-08,Málaga,Roba,133.42
2024-10-25,Barcelona,Alimentació,74.8
2024-04-18,Málaga,Joguines,301.2
2024-01-18,Sevilla,Alimentació,
2024-01-12,Barcelona,Esport,225.19
2024-03-27,València,Electrònica,460.0
2024-02-15,Málaga,Llar,432.93
2024-05-24,Bilbao,Roba,373.42
2024-04-24,Barcelona,Alimentació,141.67
2024-11-24,València,Joguines,345.53
2024-01-14,Barcelona,Llibres,162.18
2024-09-22,Málaga,Llibres,NA
2024-11-21,Barcelona,Alimentació,436.7
2024-04-22,Barcelona,Llar,407.87
2024-12-16,Madrid,Alimentació,48.91
2024-09-28,Saragossa,Alimentació,
2024-02-16,Sevilla,Alimentació,24.21
2024-12-09,Bilbao,Llibres,320.67
2024-08-17,Bilbao,Alimentació,421.14
2024-05-22,València,Joguines,300.93
2024-09-16,Madrid,Alimentació,441.04
2024-05-14,Alacant,Roba,215.31
2024-03-15,Alacant,Llibres,350.0
2024-12-05,Girona,Llar,432.68
2024-10-14,Saragossa,Electrònica,256.21
2024-07-02,Sevilla,Roba,162.22
2024-07-26,València,Llar,32.04
2024-08-24,Madrid,Llibres,157.71
2024-07-08,Sevilla,Alimentació,390.88
2024-02-20,Bilbao,Alimentació,14.86
2024-12-01,"Barcelona, ES",Electrònica,169.98
2024-06-25,Girona,Electrònica,261.73
2024-06-18,Barcelona,Alimentació,200.79
2024-12-08,Madrid,Alimentació,169.09
2024-04-18,Girona,Electrònica,NA
2024-01-25,Alacant,Electrònica,396.72
2024-01-06,Madrid,Electrònica,387.34
2024-04-02,Madrid,Electrònica,192.04
2024-07-05,Málaga,Roba,42.88
2024-09-24,Saragossa,Llibres,12.3
2024-09-20,Alacant,Electrònica,397.35
2024-04-27,Bilbao,Roba,215.45
2024-12-01,Madrid,Llar,135.81
2024-11-19,València,Roba,115.02
2024-07-18,Madrid,Roba,268.94
2024-04-13,Barcelona,Llar,475.97
2024-09-23,Barcelona,Alimentació,17.32
2024-04-15,Madrid,Esport,158.75
2024-03-26,Bilbao,Electrònica,88.78
2024-08-19,Madrid,Alimentació,419.84
2024-09-24,Málaga,Joguines,384.87
2024-05-14,Madrid,Roba,23.07
2024-12-19,Bilbao,Joguines,
2024-12-07,Girona,Joguines,252.41
2024-11-08,Madrid,Llibres,279.63
2024-12-24,Barcelona,Electrònica,43.36
2024-03-25,Barcelona,Esport,87.27
2024-08-28,Alacant,Electrònica,250.12
2024-11-26,Sevilla,Alimentació,275.81
2024-07-01,Madrid,Llar,361.37
2024-11-09,Sevilla,Esport,284.09
2024-03-05,Madrid,Llibres,308.93
2024-12-12,Sevilla,Roba,109.26
2024-06-24,Saragossa,Joguines,86.3
2024-12-27,València,Roba,79.42
2024-02-01,Madrid,Alimentació,51.45
2024-08-11,Barcelona,Esport,82.44
2024-06-21,Sevilla,Alimentació,11.99
2024-04-09,Madrid,Joguines,366.01
2024-06-20,Girona,Roba,322.59
2024-04-03,Sevilla,Electrònica,143.59
2024-05-19,Barcelona,Joguines,324.19
2024-07-11,Sevilla,Joguines,142.23
2024-12-28,Bilbao,Llar,6.32
2024-04-07,Barcelona,Joguines,75.95
2024-08-28,Barcelona,Electrònica,30.83
2024-09-26,València,Llibres,154.77
2024-02-08,Sevilla,Llar,354.59
2024-06-10,Málaga,Roba,442.23
2024-04-06,Alacant,Joguines,75.73
2024-07-18,València,Llibres,344.26
2024-09-14,Bilbao,Alimentació,
2024-06-28,València,Llibres,214.92
2024-10-18,Málaga,Alimentació,93.61
2024-12-01,Barcelona,Roba,7.78
2024-05-11,Barcelona,Roba,253.88
2024-01-20,Madrid,Llibres,241.97
2024-01-23,Saragossa,Roba,485.71
2024-01-28,Saragossa,Llar,317.96
2024-08-06,València,Joguines,275.07
2024-02-02,Madrid,Esport,80.83
2024-12-06,Málaga,Alimentació,417.86
2024-02-02,València,Llibres,53.25
2024-09-09,Alacant,Alimentació,370.04
2024-06-27,Saragossa,Roba,88.76
2024-10-24,Alacant,Esport,
2024-11-13,València,Llibres,37.15
2024-09-05,Saragossa,Electrònica,27.03
2024-10-07,Saragossa,Llar,374.68
2024-01-10,Madrid,Roba,235.79
2024-12-03,Sevilla,Llar,459.42
2024-03-24,Barcelona,Roba,483.05
2024-03-26,Barcelona,Llibres,45.23
2024-12-08,Madrid,Llibres,451.23
2024-04-24,Girona,Alimentació,192.76
2024-05-06,Madrid,Esport,116.85
2024-04-09,Málaga,Alimentació,133.38
2024-08-09,Barcelona,Roba,177.69
2024-11-17,València,Llibres,89.38
2024-10-13,Barcelona,Esport,352.58
2024-06-21,"Barcelona, ES",Joguines,174.38
2024-09-18,Málaga,Joguines,259.07
2024-04-09,Madrid,Roba,NA
2024-02-17,Bilbao,Alimentació,236.29
2024-06-12,Sevilla,Llibres,21.76
2024-12-04,Bilbao,Joguines,83.58
2024-08-11,Madrid,Electrònica,182.21
2024-03-15,Sevilla,Joguines,
2024-10-15,Sevilla,Llibres,202.67
2024-04-09,Saragossa,Esport,340.89
2024-05-02,Alacant,Alimentació,450.93
2024-09-04,València,Joguines,290.86
2024-10-01,Barcelona,Alimentació,443.86
2024-12-17,Barcelona,Esport,69.3
2024-06-26,Alacant,Electrònica,384.08
2024-06-15,València,Llar,
2024-03-07,Málaga,Roba,96.37
2024-04-14,Barcelona,Alimentació,279.9
2024-06-01,València,Roba,277.17
2024-07-23,Madrid,Llar,416.52
2024-12-08,Girona,Electrònica,162.59
2024-03-13,Girona,Roba,366.53
2024-07-20,València,Electrònica,336.59
2024-10-01,Madrid,Esport,121.4
2024-06-11,València,Electrònica,377.08
2024-02-21,Madrid,Llar,109.56
2024-07-03,Madrid,Llibres,79.62
2024-05-13,Saragossa,Llar,NA
2024-07-06,Barcelona,Llibres,57.68
2024-02-12,Saragossa,Electrònica,205.21
2024-01-06,Madrid,Esport,344.72
2024-01-16,Bilbao,Llibres,386.82
2024-05-14,Madrid,Llibres,404.53
2024-08-17,Madrid,Llar,422.86
2024-06-04,"Barcelona, ES",Llar,194.82
2024-11-03,Barcelona,Roba,355.24
2024-05-07,València,Esport,230.22
2024-01-15,Madrid,Electrònica,232.82
2024-01-20,Saragossa,Roba,339.12
2024-01-18,Madrid,Roba,13.67
2024-06-10,Bilbao,Esport,367.29
2024-09-24,València,Alimentació,51.81
2024-12-05,Bilbao,Llar,175.97
2024-08-23,Bilbao,Joguines,466.47
2024-09-19,València,Electrònica,23.95
2024-10-24,Bilbao,Electrònica,490.23
2024-02-11,Alacant,Llibres,203.37
2024-03-24,Madrid,Llibres,44.25
2024-07-04,"Barcelona, ES",Esport,155.08
2024-09-18,Málaga,Alimentació,29.17
2024-10-16,Madrid,Llar,345.99
2024-03-09,València,Electrònica,455.32
2024-11-10,Madrid,Llar,392.12
2024-11-05,Madrid,Llar,488.07
2024-06-04,Madrid,Electrònica,114.42
2024-10-10,Saragossa,Esport,296.02
2024-11-20,Madrid,Llar,281.04
2024-06-11,Madrid,Joguines,233.66
2024-12-16,Madrid,Llibres,198.08
2024-07-02,Bilbao,Esport,317.54
2024-09-12,Barcelona,Llibres,187.75
2024-05-25,Madrid,Llibres,82.17
2024-10-06,Bilbao,Esport,497.93
2024-01-25,Alacant,Esport,494.89
2024-07-18,Barcelona,Esport,66.13
2024-07-07,Madrid,Electrònica,93.42
2024-03-25,Girona,Llibres,277.28
2024-06-25,Madrid,Esport,386.4
2024-11-04,Bilbao,Llibres,382.07
2024-06-17,Sevilla,Llar,204.96
2024-08-10,Málaga,Llar,437.3
2024-07-10,Barcelona,Joguines,234.69
2024-03-22,Málaga,Llar,211.96
2024-07-14,Barcelona,Electrònica,73.59
2024-10-17,Alacant,Esport,207.34
2024-01-11,Bilbao,Alimentació,238.6
2024-02-12,Barcelona,Esport,328.79
2024-09-17,Málaga,Joguines,231.6
2024-12-28,Madrid,Llar,461.09
2024-06-05,Madrid,Electrònica,233.28
2024-04-22,Bilbao,Alimentació,486.54
2024-09-21,Barcelona,Esport,436.68
2024-03-08,València,Electrònica,
2024-01-22,Saragossa,Joguines,237.75
2024-07-03,Girona,Roba,270.98
2024-12-25,Bilbao,Esport,222.07
2024-12-02,Madrid,Llar,363.95
2024-01-12,València,Esport,222.82
2024-02-04,Barcelona,Roba,292.01
2024-02-24,Barcelona,Llar,75.27
2024-04-26,València,Roba,322.81
2024-02-15,Málaga,Llar,379.71
2024-06-10,Saragossa,Roba,351.28
2024-10-09,Sevilla,Joguines,263.28
2024-01-08,Málaga,Esport,149.15
2024-12-06,Sevilla,Roba,222.73
2024-05-05,Girona,Llibres,305.69
2024-07-09,Bilbao,Electrònica,293.7
2024-03-19,Barcelona,Roba,374.0
2024-09-13,València,Alimentació,323.71
2024-10-28,València,Esport,433.38
2024-08-21,Barcelona,Esport,244.58
2024-07-01,Bilbao,Electrònica,158.11
2024-04-05,Madrid,Joguines,64.2
2024-04-12,València,Esport,453.62
2024-12-28,Málaga,Joguines,118.04
2024-04-12,Bilbao,Llar,476.25
2024-09-03,Madrid,Esport,271.18
2024-02-26,Barcelona,Esport,126.12
2024-12-06,Saragossa,Llibres,118.03
2024-12-15,Barcelona,Esport,142.35
2024-12-07,Girona,Electrònica,70.61
2024-05-02,Madrid,Alimentació,292.73
2024-08-04,Sevilla,Joguines,NA
2024-11-03,Barcelona,Electrònica,240.64
2024-02-18,Sevilla,Esport,286.82
2024-10-14,Málaga,Electrònica,224.11
2024-11-07,Sevilla,Llibres,230.85
2024-01-09,Girona,Esport,317.41
2024-06-17,València,Roba,153.32
2024-09-08,Madrid,Llibres,157.86
2024-08-04,Alacant,Alimentació,163.01
2024-09-16,València,Alimentació,218.85
2024-05-04,Alacant,Llar,345.04
2024-03-07,Girona,Joguines,157.06
2024-05-11,Girona,Llar,153.53
2024-10-07,Sevilla,Alimentació,99.99
2024-07-26,Barcelona,Alimentació,82.78
2024-09-16,Bilbao,Joguines,364.6
2024-04-09,València,Joguines,188.54
2024-05-11,Saragossa,Joguines,227.61
2024-07-19,València,Llar,
2024-07-02,Alacant,Roba,74.27
2024-08-25,Madrid,Joguines,108.26
2024-12-09,Madrid,Roba,
2024-07-26,Madrid,Esport,103.73
2024-04-20,València,Joguines,41.84
2024-03-11,Saragossa,Llibres,476.26
2024-01-25,Bilbao,Llibres,354.71
2024-04-09,Alacant,Esport,55.21
2024-11-11,Madrid,Roba,145.7
2024-08-05,Málaga,Electrònica,388.75
2024-07-27,Barcelona,Alimentació,289.17
2024-09-03,València,Roba,382.58
2024-05-18,Sevilla,Roba,74.53
2024-02-28,"Barcelona, ES",Llibres,478.81
2024-06-25,València,Alimentació,236.82
2024-08-12,Madrid,Llibres,133.22
2024-10-24,Alacant,Alimentació,208.34
2024-07-26,València,Electrònica,34.84
2024-09-12,Barcelona,Llar,480.1
2024-06-26,Sevilla,Roba,319.02
2024-12-03,Sevilla,Esport,268.22
2024-09-28,Málaga,Esport,306.97
2024-04-25,Barcelona,Llibres,142.05
2024-08-24,Barcelona,Roba,325.68
2024-06-15,Sevilla,Llibres,474.51
2024-01-13,Sevilla,Electrònica,198.02
2024-01-08,Madrid,Alimentació,115.33
2024-11-25,Madrid,Llar,104.16
2024-10-12,Málaga,Llibres,80.54
2024-03-07,Madrid,Electrònica,
2024-10-28,Barcelona,Alimentació,477.56
2024-06-28,Madrid,Alimentació,104.84
2024-03-14,Alacant,Alimentació,112.53
2024-06-01,Barcelona,Llar,474.27
2024-01-15,Málaga,Joguines,193.31
2024-08-15,València,Alimentació,297.16
2024-02-03,Alacant,Esport,363.64
2024-02-06,Girona,Electrònica,371.62
2024-06-24,Alacant,Llar,492.65
2024-09-12,València,Esport,231.19
2024-01-13,"Barcelona, ES",Llar,54.53
2024-06-10,Málaga,Llar,327.74
2024-04-23,Barcelona,Llibres,438.59
2024-01-09,Saragossa,Roba,NA
2024-04-06,Sevilla,Alimentació,74.41
2024-08-25,Barcelona,Esport,433.84
2024-11-10,Madrid,Llar,212.52
2024-03-17,Alacant,Llibres,335.99
2024-06-04,"Barcelona, ES",Electrònica,156.5
2024-11-12,Málaga,Roba,19.1
2024-01-11,Barcelona,Llar,NA
2024-03-14,Barcelona,Llar,362.65
2024-03-06,Barcelona,Roba,50.6
2024-02-04,Alacant,Llar,428.79
2024-09-15,Barcelona,Esport,5.36
2024-08-16,Málaga,Roba,329.91
2024-06-20,Bilbao,Electrònica,375.62
2024-10-07,Barcelona,Esport,471.43
2024-04-22,Barcelona,Electrònica,144.74
2024-10-04,Madrid,Roba,331.39
2024-06-23,Alacant,Llibres,260.87
2024-05-25,Málaga,Roba,332.29
2024-10-24,Alacant,Electrònica,400.89
2024-11-02,"Barcelona, ES",Alimentació,
2024-11-02,Málaga,Alimentació,164.65
2024-10-16,València,Roba,435.42
2024-10-13,València,Alimentació,135.09
2024-08-04,Girona,Llibres,462.32
2024-06-06,Madrid,Joguines,387.14
2024-08-22,Barcelona,Joguines,261.94
2024-02-26,Madrid,Llibres,
2024-09-05,Barcelona,Llar,64.54
2024-12-10,Barcelona,Roba,220.9
2024-02-28,Alacant,Alimentació,470.92
2024-09-07,Barcelona,Llibres,13.28
2024-12-24,Madrid,Esport,283.63
2024-09-17,Barcelona,Esport,119.06
2024-09-06,Madrid,Electrònica,319.28
2024-10-08,Málaga,Joguines,272.71
2024-10-14,Málaga,Roba,NA
2024-07-10,Madrid,Esport,447.4
2024-08-11,Barcelona,Roba,
2024-05-23,Sevilla,Roba,368.06
2024-10-03,Barcelona,Llar,243.06
2024-03-25,Alacant,Alimentació,83.92
2024-07-13,Sevilla,Alimentació,39.91
2024-05-05,Málaga,Electrònica,295.04
2024-11-05,Barcelona,Alimentació,381.49
2024-01-21,Barcelona,Roba,386.97
2024-10-16,Madrid,Llar,66.81
2024-12-20,València,Electrònica,378.35
2024-12-11,Málaga,Electrònica,446.1
2024-02-21,València,Esport,356.33
2024-08-25,Madrid,Esport,498.81
2024-10-20,Málaga,Alimentació,334.13
2024-12-14,València,Llibres,386.12
2024-12-24,Madrid,Roba,167.77
2024-11-27,Madrid,Roba,55.06
2024-08-08,Sevilla,Alimentació,334.49
2024-02-25,Málaga,Llar,419.52
2024-07-20,Sevilla,Llibres,302.82
2024-10-27,"Barcelona, ES",Electrònica,63.15
2024-04-12,Sevilla,Llibres,213.81
2024-07-23,Girona,Roba,222.92
2024-08-19,Málaga,Electrònica,407.51
2024-11-24,Girona,Llibres,111.94
2024-03-01,Bilbao,Roba,460.73
2024-01-24,València,Roba,343.09
2024-06-08,Madrid,Joguines,NA
2024-08-23,Alacant,Roba,84.49
2024-09-25,Málaga,Llibres,203.65
2024-06-25,Málaga,Joguines,48.99
2024-06-20,Sevilla,Joguines,117.65
2024-05-04,Málaga,Electrònica,159.9
2024-08-21,Barcelona,Llar,428.71
2024-08-12,Madrid,Llar,378.61
2024-03-11,Barcelona,Alimentació,454.87
2024-12-21,Sevilla,Joguines,93.06
2024-10-23,Barcelona,Electrònica,300.99
2024-11-13,Málaga,Alimentació,268.75
2024-07-05,Alacant,Electrònica,369.46
2024-05-20,Sevilla,Electrònica,116.29
2024-01-08,Sevilla,Llibres,18.05
2024-04-27,Saragossa,Alimentació,116.79
2024-11-26,Madrid,Electrònica,482.47
2024-10-16,Málaga,Llar,499.19
2024-04-14,Barcelona,Esport,315.49
2024-07-24,Madrid,Joguines,402.7
2024-05-14,Madrid,Alimentació,181.75
2024-12-05,Madrid,Joguines,127.21
2024-09-19,Barcelona,Joguines,355.64
2024-09-11,Barcelona,Joguines,361.45
2024-12-23,Bilbao,Esport,115.86
2024-05-19,Málaga,Llar,251.08
2024-07-03,Alacant,Alimentació,
2024-08-18,Bilbao,Roba,354.62
2024-02-22,Madrid,Llibres,129.75
2024-12-01,Saragossa,Llar,383.36
2024-03-13,Madrid,Llar,350.12
2024-05-11,Madrid,Joguines,473.4
2024-03-25,Sevilla,Llibres,432.05
2024-10-02,Saragossa,Roba,388.44
2024-02-20,Barcelona,Llar,367.62
2024-04-20,Girona,Alimentació,19.6
2024-08-24,Barcelona,Electrònica,204.76
2024-12-22,Madrid,Llar,239.83
2024-06-06,Barcelona,Roba,218.03
2024-05-16,Barcelona,Roba,117.19
2024-11-21,Barcelona,Llar,264.31
2024-01-20,Barcelona,Esport,NA
2024-06-04,Barcelona,Esport,
2024-06-13,Madrid,Joguines,283.87
2024-02-06,Barcelona,Esport,269.93
2024-06-04,Málaga,Alimentació,289.12
2024-08-23,Málaga,Joguines,78.68
2024-08-01,Bilbao,Esport,397.86
2024-02-26,Alacant,Roba,343.1
2024-10-17,Barcelona,Electrònica,303.73
2024-10-11,Alacant,Llibres,197.48
2024-08-04,Bilbao,Electrònica,186.02
2024-04-27,València,Joguines,182.37
2024-08-26,Málaga,Llibres,420.34
2024-02-28,Sevilla,Llibres,456.37
2024-10-19,Saragossa,Esport,275.46
2024-04-10,Madrid,Llar,150.01
2024-11-14,València,Llar,16.8
2024-02-11,Sevilla,Esport,251.32
2024-05-25,Saragossa,Electrònica,25.61
2024-02-10,Málaga,Llibres,273.68
2024-11-11,Girona,Esport,
2024-05-13,Barcelona,Esport,NA
2024-11-28,València,Esport,93.25
2024-06-22,Saragossa,Alimentació,475.23
2024-04-23,Madrid,Llibres,107.33
2024-11-20,Barcelona,Llar,346.25
2024-05-01,Málaga,Llibres,416.5
2024-03-13,Málaga,Roba,203.97
2024-03-05,Bilbao,Esport,441.56
2024-07-22,Sevilla,Joguines,158.32
2024-11-24,Málaga,Llar,210.86
2024-07-13,Madrid,Alimentació,246.67
2024-10-01,Bilbao,Llar,NA
2024-08-05,Bilbao,Alimentació,61.62
2024-03-26,València,Alimentació,87.85
2024-12-09,Alacant,Llibres,202.11
2024-09-10,Madrid,Esport,381.69
2024-07-27,Málaga,Alimentació,279.6
2024-08-07,Barcelona,Electrònica,59.13
2024-04-02,Málaga,Alimentació,348.34
2024-02-08,València,Roba,75.67
2024-10-25,Barcelona,Esport,98.54
2024-04-24,Madrid,Esport,
2024-03-11,Málaga,Roba,178.31
2024-04-21,Barcelona,Llar,149.44
2024-02-08,Barcelona,Alimentació,361.98
2024-01-28,València,Joguines,266.64
2024-09-06,Barcelona,Roba,NA
2024-11-03,València,Esport,
2024-12-06,Saragossa,Roba,76.03
2024-02-22,Madrid,Llar,
2024-01-27,Madrid,Esport,116.14
2024-11-02,Sevilla,Electrònica,
2024-08-19,Bilbao,Roba,196.45
2024-12-08,Saragossa,Esport,490.16
2024-11-15,València,Alimentació,440.32
2024-04-05,Madrid,Llibres,483.85
2024-05-06,Madrid,Electrònica,153.43
2024-01-15,València,Esport,493.81
2024-03-27,Bilbao,Alimentació,213.46
2024-07-15,Girona,Llar,234.44
2024-06-11,Bilbao,Alimentació,106.93
2024-04-23,Barcelona,Alimentació,366.01
2024-10-12,Málaga,Esport,397.08
2024-06-21,Madrid,Llar,58.78
2024-11-15,Madrid,Joguines,435.7
2024-07-02,Barcelona,Roba,82.58
2024-07-17,València,Llar,
2024-04-13,Sevilla,Alimentació,374.26
2024-10-25,Barcelona,Llar,401.41
2024-03-14,Madrid,Alimentació,69.62
2024-08-11,Bilbao,Joguines,368.98
2024-01-22,Barcelona,Electrònica,9.29
2024-01-11,Málaga,Roba,181.56
2024-12-05,Alacant,Roba,184.66
2024-06-19,Málaga,Llar,353.28
2024-05-10,Barcelona,Esport,440.88
2024-03-14,Barcelona,Esport,283.02
2024-11-16,Saragossa,Roba,452.31
2024-02-22,Alacant,Llar,24.49
2024-07-16,Madrid,Alimentació,295.16
2024-06-15,Sevilla,Alimentació,14.83
2024-08-22,Sevilla,Roba,443.81
2024-02-06,Barcelona,Roba,458.8
2024-02-26,Alacant,Alimentació,163.75
2024-12-26,Alacant,Electrònica,491.87
2024-08-01,Bilbao,Esport,88.68
2024-05-07,València,Esport,16.6
2024-06-06,Barcelona,Alimentació,135.24
2024-07-11,Barcelona,Llibres,330.06
2024-11-03,Madrid,Electrònica,489.23
2024-10-01,Girona,Electrònica,103.82
2024-08-13,Madrid,Llibres,349.94
2024-06-12,"Barcelona, ES",Joguines,215.13
2024-12-11,Barcelona,Roba,278.43
2024-08-10,Madrid,Llar,46.97
2024-11-11,Málaga,Electrònica,
2024-03-26,Girona,Alimentació,189.83
2024-03-19,"Barcelona, ES",Joguines,42.33
2024-12-01,Girona,Roba,310.64
2024-03-19,Bilbao,Joguines,317.35
2024-06-26,Bilbao,Esport,353.55
2024-04-24,Alacant,Alimentació,475.94
2024-01-14,"Barcelona, ES",Alimentació,359.9
2024-07-11,Bilbao,Alimentació,102.66
2024-08-20,Saragossa,Llar,339.7
2024-01-15,Barcelona,Electrònica,487.22
2024-05-05,Málaga,Esport,351.48
2024-12-25,Barcelona,Alimentació,379.36
2024-04-06,València,Joguines,302.77
2024-09-21,Madrid,Llar,175.66
2024-04-17,Barcelona,Llibres,378.38
2024-02-02,Barcelona,Roba,34.9
2024-07-03,Saragossa,Llibres,488.7
2024-11-03,Madrid,Joguines,183.93
2024-11-20,Saragossa,Electrònica,364.94
2024-06-15,Madrid,Joguines,252.35
2024-08-11,Sevilla,Llibres,295.68
2024-01-23,Madrid,Llar,165.56
2024-07-15,Málaga,Llar,75.33
2024-07-14,Alacant,Joguines,161.78
2024-11-05,València,Electrònica,409.62
2024-03-05,Sevilla,Alimentació,13.11
2024-08-05,Madrid,Alimentació,
2024-07-06,Madrid,Joguines,117.73
2024-08-20,Saragossa,Llar,426.54
2024-08-22,Barcelona,Electrònica,165.02
2024-08-20,Madrid,Alimentació,249.64
2024-04-14,València,Roba,172.6
2024-05-22,Bilbao,Esport,69.07
2024-05-11,Saragossa,Joguines,68.43
2024-10-16,Barcelona,Llar,126.82
2024-06-23,Madrid,Joguines,318.77
2024-08-26,Madrid,Roba,168.88
2024-04-05,Alacant,Joguines,485.71
2024-04-23,Sevilla,Alimentació,128.3
2024-10-16,Málaga,Roba,52.31
2024-03-20,Madrid,Esport,303.29
2024-12-09,Barcelona,Llar,396.68
2024-05-23,Barcelona,Joguines,239.5
2024-04-21,Barcelona,Roba,243.86
2024-03-26,Madrid,Roba,160.51
2024-09-07,Málaga,Llibres,462.24
2024-10-04,Madrid,Electrònica,101.5
2024-09-10,Madrid,Llar,410.2
2024-01-10,Madrid,Alimentació,19.27
2024-11-25,València,Roba,455.35
2024-03-15,Bilbao,Esport,224.85
2024-06-04,Alacant,Llar,354.62
2024-08-10,Barcelona,Alimentació,13.39
2024-01-28,Madrid,Llar,161.06
2024-12-13,Sevilla,Llibres,165.32
2024-03-11,Bilbao,Joguines,NA
2024-05-11,Sevilla,Esport,NA
2024-09-02,Saragossa,Llibres,36.62
2024-02-05,Barcelona,Esport,358.36
2024-02-25,Madrid,Roba,209.26
2024-02-16,València,Electrònica,322.7
2024-07-23,Barcelona,Joguines,107.59
2024-03-04,Girona,Joguines,123.44
2024-11-22,Sevilla,Electrònica,350.16
2024-08-02,Barcelona,Joguines,80.55
2024-03-17,Madrid,Llar,336.78
2024-01-17,Girona,Llar,
2024-12-23,València,Electrònica,NA
2024-10-02,Madrid,Esport,177.94
2024-02-19,Málaga,Esport,86.27
2024-04-05,Sevilla,Llibres,144.3
2024-09-12,València,Alimentació,378.31
2024-05-11,Barcelona,Roba,326.98
2024-08-01,València,Llibres,386.16
2024-04-06,Barcelona,Llar,372.69
2024-04-07,Girona,Llibres,417.3
2024-11-07,Málaga,Joguines,234.57
2024-11-21,Madrid,Joguines,257.99
2024-05-01,Madrid,Alimentació,107.14
2024-12-13,Saragossa,Llar,302.9
2024-03-16,València,Esport,493.46
2024-04-03,Bilbao,Electrònica,311.54
2024-01-09,Alacant,Roba,365.73
2024-03-04,Barcelona,Alimentació,485.62
2024-12-12,Barcelona,Llar,152.25
2024-01-04,Madrid,Roba,466.46
2024-04-04,Alacant,Llibres,397.42
2024-08-06,Barcelona,Electrònica,230.35
2024-10-23,Sevilla,Roba,
2024-10-16,Barcelona,Llibres,37.25
2024-11-13,Barcelona,Llar,235.52
2024-03-01,Sevilla,Electrònica,479.92
2024-05-23,Madrid,Llar,137.31
2024-11-09,Alacant,Alimentació,226.75
2024-01-21,Barcelona,Esport,220.5
2024-12-16,"Barcelona, ES",Llibres,28.41
2024-06-03,Bilbao,Llar,274.57
2024-06-22,Málaga,Llibres,77.12
2024-12-21,Madrid,Alimentació,189.19
2024-06-25,Madrid,Joguines,445.27
2024-11-18,València,Llar,130.33
2024-03-11,Alacant,Llibres,378.08
2024-11-06,Málaga,Roba,430.56
2024-11-05,Bilbao,Esport,373.67
2024-10-05,Alacant,Joguines,348.14
2024-02-27,València,Electrònica,274.28
2024-09-04,Sevilla,Roba,334.0
2024-03-24,Madrid,Llibres,247.14
2024-06-24,Málaga,Roba,200.51
2024-11-27,València,Esport,206.96
2024-02-08,Bilbao,Llar,348.5
2024-04-23,Barcelona,Joguines,400.97
2024-08-05,Málaga,Llibres,124.71
2024-07-10,Málaga,Esport,476.02
2024-04-01,Barcelona,Roba,96.93
2024-11-03,Barcelona,Llar,213.85
2024-06-22,València,Llibres,174.87
2024-06-07,Madrid,Esport,241.83
2024-10-19,Barcelona,Llar,252.5
2024-06-01,Madrid,Llar,194.96
2024-09-25,Barcelona,Llibres,440.91
2024-11-16,Alacant,Llar,NA
2024-08-25,Málaga,Llar,50.56
2024-04-24,Málaga,Llibres,230.07
2024-12-11,Madrid,Llar,NA
2024-05-18,Girona,Joguines,308.79
2024-02-01,Saragossa,Esport,391.51
2024-09-15,Barcelona,Alimentació,350.08
2024-07-26,Alacant,Llibres,130.34
2024-02-23,Sevilla,Alimentació,150.23
2024-03-02,Madrid,Roba,344.97
2024-02-07,València,Alimentació,
2024-12-26,Bilbao,Alimentació,26.72
2024-03-08,Madrid,Llibres,249.21
2024-12-15,"Barcelona, ES",Electrònica,73.91
2024-12-20,Sevilla,Llar,398.2
2024-07-01,Saragossa,Llibres,274.02
2024-07-16,Barcelona,Llar,214.02
2024-02-03,Madrid,Llibres,203.66
2024-04-05,Barcelona,Alimentació,97.46
2024-04-15,Bilbao,Esport,135.19
2024-02-26,Bilbao,Esport,282.03
2024-04-07,Barcelona,Alimentació,198.4
2024-06-02,València,Electrònica,334.63
2024-10-17,Barcelona,Joguines,460.76
2024-08-26,Madrid,Llibres,241.97
2024-02-06,Madrid,Llibres,430.05
2024-02-05,Bilbao,Joguines,431.29
2024-02-16,València,Electrònica,127.3
2024-07-27,Bilbao,Alimentació,206.16
2024-07-02,Málaga,Joguines,100.34
2024-12-12,Madrid,Esport,116.24
2024-03-16,Bilbao,Joguines,206.23
2024-11-06,Madrid,Esport,387.68
2024-07-20,Barcelona,Electrònica,353.71
2024-03-25,Bilbao,Roba,144.01
2024-11-26,Alacant,Roba,269.97
2024-06-10,Málaga,Llar,196.12
2024-12-19,Saragossa,Llibres,332.2
2024-10-05,València,Electrònica,487.74
2024-09-17,Bilbao,Electrònica,137.76
2024-05-28,Madrid,Esport,463.78
2024-06-08,Sevilla,Roba,99.96
2024-06-17,Saragossa,Roba,214.8
2024-11-07,Girona,Joguines,386.1
2024-05-07,Saragossa,Roba,278.69
2024-04-26,València,Esport,363.67
2024-05-21,Madrid,Esport,416.04
2024-03-21,"Barcelona, ES",Roba,244.75
2024-05-19,València,Roba,304.96
2024-05-04,Alacant,Joguines,199.58
2024-02-07,"Barcelona, ES",Roba,230.11
2024-09-19,Málaga,Esport,103.6
2024-01-14,Bilbao,Llar,240.8
2024-07-11,Barcelona,Alimentació,381.26
2024-01-02,Málaga,Roba,269.94
2024-03-26,Barcelona,Llibres,106.42
2024-11-19,Barcelona,Electrònica,314.06
2024-05-10,València,Alimentació,303.81
2024-05-18,Madrid,Alimentació,279.09
2024-06-25,Madrid,Joguines,194.72
2024-09-20,Barcelona,Alimentació,371.53
2024-05-26,València,Electrònica,206.17
2024-04-15,Bilbao,Alimentació,143.34
2024-01-08,Saragossa,Llar,301.86
2024-07-15,Madrid,Electrònica,207.22
2024-08-15,Barcelona,Llar,376.59
2024-01-18,Girona,Alimentació,248.3
2024-09-11,Madrid,Llar,197.01
2024-08-20,Barcelona,Alimentació,302.47
2024-12-22,Madrid,Joguines,112.87
2024-06-13,Madrid,Llibres,119.29
2024-10-16,Alacant,Llibres,125.82
2024-12-03,València,Joguines,
2024-10-12,Madrid,Electrònica,363.47
2024-07-03,València,Roba,186.46
2024-05-16,Barcelona,Alimentació,324.28
2024-10-17,"Barcelona, ES",Joguines,NA
2024-07-12,Barcelona,Alimentació,458.35
2024-02-20,Saragossa,Electrònica,265.0
2024-05-15,Barcelona,Alimentació,142.86
2024-03-08,València,Alimentació,119.75
2024-02-20,Barcelona,Llibres,436.55
2024-12-06,Madrid,Llar,447.99
2024-04-01,"Barcelona, ES",Alimentació,43.14
2024-02-09,Málaga,Alimentació,390.63
2024-09-25,Madrid,Alimentació,466.41
2024-04-26,Barcelona,Joguines,139.81
2024-01-17,València,Electrònica,87.67
2024-08-05,Málaga,Alimentació,417.97
2024-10-26,Madrid,Alimentació,356.55
2024-12-08,Barcelona,Esport,38.2
2024-07-05,Barcelona,Llar,247.53
2024-07-18,Sevilla,Llar,235.98
2024-11-17,Madrid,Esport,419.63
2024-07-25,Madrid,Llar,429.67
2024-03-26,Barcelona,Electrònica,186.91
2024-05-04,Bilbao,Llar,153.26
2024-01-11,València,Joguines,
2024-07-25,Bilbao,Alimentació,297.26
2024-12-05,Bilbao,Roba,75.45
2024-04-15,Madrid,Llar,235.28
2024-04-15,Barcelona,Electrònica,77.04
2024-11-04,Madrid,Electrònica,455.15
2024-11-28,València,Esport,411.44
2024-09-16,Barcelona,Joguines,38.54
2024-06-07,Madrid,Esport,496.09
2024-03-24,Saragossa,Roba,NA
2024-09-07,Bilbao,Roba,
2024-07-11,"Barcelona, ES",Llar,166.64
2024-06-02,"Barcelona, ES",Esport,222.01
2024-08-14,Girona,Electrònica,276.25
2024-12-19,València,Alimentació,192.07
2024-11-23,València,Llibres,76.26
2024-04-03,Bilbao,Roba,25.74
2024-05-01,Alacant,Alimentació,100.86
2024-03-14,Sevilla,Roba,109.25
2024-02-06,Málaga,Roba,394.57
2024-04-15,Málaga,Alimentació,249.27
2024-02-22,València,Roba,489.83
2024-08-09,Sevilla,Esport,408.12
2024-06-21,Bilbao,Esport,342.57
2024-12-19,Sevilla,Roba,390.26
2024-04-08,Málaga,Llar,167.44
2024-09-10,València,Llibres,30.39
2024-10-10,"Barcelona, ES",Roba,78.25
2024-04-28,Girona,Alimentació,80.86
2024-02-23,Sevilla,Roba,202.93
2024-10-11,Madrid,Alimentació,243.18
2024-11-03,Girona,Electrònica,408.46
2024-03-14,València,Electrònica,188.34
2024-05-08,València,Llar,201.19
2024-04-13,València,Alimentació,307.23
2024-03-11,Barcelona,Roba,427.33
2024-02-03,Barcelona,Llibres,
2024-09-14,València,Electrònica,397.83
2024-12-21,Barcelona,Electrònica,
2024-03-02,Barcelona,Joguines,344.4
2024-12-12,Bilbao,Electrònica,NA
2024-05-11,Barcelona,Esport,24.56
2024-01-27,Alacant,Joguines,198.48
2024-08-04,Madrid,Roba,265.41
2024-10-10,Barcelona,Llar,133.69
2024-11-25,Saragossa,Electrònica,115.78
2024-05-02,València,Roba,348.98
2024-08-12,Alacant,Roba,354.3
2024-07-14,"Barcelona, ES",Alimentació,424.33
2024-11-11,Madrid,Llar,81.83
2024-02-02,Sevilla,Electrònica,499.12
2024-03-05,Saragossa,Roba,345.42
2024-10-08,Saragossa,Llar,465.29
2024-11-22,Sevilla,Esport,356.01
2024-08-21,Barcelona,Alimentació,175.82
2024-01-02,Málaga,Joguines,97.35
2024-08-15,Bilbao,Llar,431.97
2024-08-05,Málaga,Llibres,214.06
2024-06-25,Sevilla,Llibres,435.24
2024-03-09,València,Llar,170.61
2024-01-05,Madrid,Esport,142.54
2024-04-24,Barcelona,Electrònica,317.61
2024-12-11,"Barcelona, ES",Roba,56.78
2024-09-07,Madrid,Roba,429.6
2024-12-17,Madrid,Llar,496.85
2024-10-20,Barcelona,Joguines,401.14
2024-08-24,Sevilla,Roba,379.11
2024-01-10,Madrid,Llar,482.72
2024-02-16,Málaga,Llar,457.48
2024-10-19,Madrid,Roba,115.34
2024-05-10,Málaga,Joguines,NA
2024-04-22,Málaga,Roba,7.12
2024-04-02,Madrid,Joguines,201.51
2024-07-02,Alacant,Joguines,269.95
2024-09-14,Barcelona,Joguines,398.34
2024-11-26,Madrid,Esport,250.83
2024-10-07,Sevilla,Esport,62.36
2024-04-13,Sevilla,Roba,329.77
2024-01-22,València,Roba,473.56
2024-01-04,Barcelona,Llibres,88.67
2024-05-22,Madrid,Alimentació,106.03
2024-03-12,Barcelona,Roba,273.45
2024-09-21,Barcelona,Alimentació,427.25
2024-01-08,Barcelona,Joguines,472.46
2024-03-04,Girona,Roba,384.17
2024-09-15,València,Llar,142.76
2024-02-12,"Barcelona, ES",Roba,404.27
2024-09-09,Saragossa,Esport,397.69
2024-02-03,Barcelona,Roba,408.53
2024-09-07,València,Joguines,19.75
2024-07-26,Girona,Electrònica,389.05
2024-07-07,Barcelona,Esport,387.86
2024-12-23,Barcelona,Llibres,330.23
2024-08-18,Girona,Llar,187.59
2024-01-02,València,Electrònica,13.48
2024-11-12,Bilbao,Llar,8.68
2024-06-28,València,Alimentació,299.35
2024-09-25,Barcelona,Alimentació,279.02
2024-09-24,Girona,Electrònica,21.08
2024-11-11,Madrid,Esport,150.26
2024-02-02,Alacant,Llibres,72.78
2024-05-27,Madrid,Alimentació,425.62
2024-02-17,Madrid,Llar,153.41
2024-01-01,Alacant,Roba,51.07
2024-03-17,Bilbao,Joguines,61.12
2024-05-25,Madrid,Electrònica,110.09
2024-02-08,Barcelona,Roba,277.35
2024-09-28,Barcelona,Llibres,290.79
2024-12-18,Madrid,Esport,54.72
2024-07-25,Alacant,Roba,212.98
2025-11-11,Madrid,Electrònica,51.69
2025-10-01,Barcelona,Llar,NA
2025-06-13,Sevilla,Roba,470.13
2025-04-03,Madrid,Alimentació,286.66
2025-02-21,"Barcelona, ES",Llar,355.54
2025-03-24,Alacant,Joguines,123.1
2025-07-01,Saragossa,Roba,366.28
2025-04-16,Sevilla,Electrònica,308.56
2025-07-07,Málaga,Roba,205.24
2025-10-14,Málaga,Roba,310.11
2025-02-23,València,Llibres,5.72
2025-02-13,Sevilla,Llibres,68.45
2025-03-27,Bilbao,Electrònica,128.15
2025-12-02,Madrid,Alimentació,366.97
2025-11-13,Barcelona,Alimentació,60.74
2025-01-21,Madrid,Electrònica,11.81
2025-02-11,Madrid,Alimentació,325.74
2025-02-28,Madrid,Llar,261.84
2025-05-15,Bilbao,Joguines,107.36
2025-06-07,Málaga,Joguines,125.17
2025-08-09,València,Roba,
2025-08-06,Barcelona,Joguines,NA
2025-08-17,Madrid,Llar,147.17
2025-05-09,Barcelona,Joguines,
2025-09-03,Sevilla,Roba,116.04
2025-04-23,Málaga,Joguines,198.34
2025-03-16,Madrid,Alimentació,
2025-04-21,València,Alimentació,278.11
2025-11-05,Barcelona,Llibres,131.13
2025-02-09,Málaga,Esport,374.47
2025-01-03,Sevilla,Electrònica,144.99
2025-04-25,Alacant,Esport,289.33
2025-09-06,Bilbao,Esport,
2025-01-11,Girona,Joguines,286.14
2025-01-16,Barcelona,Electrònica,361.84
2025-07-09,Saragossa,Roba,316.28
2025-11-27,Alacant,Esport,52.56
2025-08-20,Barcelona,Alimentació,429.61
2025-06-16,Girona,Esport,117.65
2025-09-01,Saragossa,Electrònica,72.81
2025-07-28,Barcelona,Llar,498.0
2025-02-04,Saragossa,Esport,72.18
2025-12-07,Madrid,Electrònica,NA
2025-01-19,València,Roba,445.45
2025-04-03,Madrid,Alimentació,51.29
2025-05-26,Bilbao,Llibres,381.65
2025-01-16,Saragossa,Esport,379.88
2025-12-01,Alacant,Llar,112.1
2025-07-11,Barcelona,Esport,462.78
2025-05-01,València,Roba,377.9
2025-09-23,Barcelona,Llibres,315.47
2025-01-22,Madrid,Alimentació,120.94
2025-01-24,Barcelona,Joguines,70.65
2025-08-02,Bilbao,Alimentació,20.59
2025-12-24,Barcelona,Llibres,381.74
2025-11-14,Barcelona,Electrònica,83.74
2025-07-01,Barcelona,Electrònica,343.8
2025-07-04,Barcelona,Alimentació,81.1
2025-02-14,Madrid,Joguines,358.28
2025-12-18,Málaga,Esport,466.37
2025-10-11,Málaga,Alimentació,299.16
2025-11-19,Madrid,Llar,307.42
2025-08-09,Madrid,Esport,368.04
2025-01-07,València,Llar,235.11
2025-02-28,Sevilla,Joguines,450.91
2025-04-24,Saragossa,Joguines,242.26
2025-11-19,Saragossa,Joguines,261.39
2025-09-08,"Barcelona, ES",Alimentació,256.67
2025-10-18,Málaga,Alimentació,46.37
2025-09-18,Barcelona,Roba,72.41
2025-03-02,València,Joguines,74.16
2025-04-23,Bilbao,Esport,223.96
2025-07-24,Bilbao,Electrònica,164.31
2025-03-22,Madrid,Joguines,21.39
2025-01-25,Barcelona,Llibres,432.13
2025-12-01,Barcelona,Alimentació,404.95
2025-10-03,Barcelona,Alimentació,403.66
2025-08-26,Málaga,Llibres,394.8
2025-12-20,Barcelona,Alimentació,159.86
2025-11-04,"Barcelona, ES",Esport,377.5
2025-05-06,Barcelona,Joguines,335.73
2025-09-16,Madrid,Esport,42.92
2025-03-27,Girona,Esport,26.02
2025-07-16,Barcelona,Llar,26.85
2025-01-01,Bilbao,Alimentació,320.15
2025-02-12,Saragossa,Roba,205.57
2025-10-04,Madrid,Alimentació,258.28
2025-06-12,Bilbao,Roba,89.27
2025-10-13,Saragossa,Esport,314.38
2025-01-14,Madrid,Llar,309.03
2025-08-20,Madrid,Electrònica,390.41
2025-09-06,Barcelona,Electrònica,28.26
2025-02-28,Madrid,Joguines,445.65
2025-09-24,Barcelona,Llibres,481.27
2025-11-06,Sevilla,Llar,465.8
2025-09-07,Madrid,Joguines,325.63
2025-07-09,Madrid,Llibres,349.84
2025-10-22,Madrid,Alimentació,324.37
2025-11-24,Madrid,Roba,125.14
2025-07-25,Saragossa,Roba,423.29
2025-07-07,Barcelona,Joguines,233.67
2025-01-27,Madrid,Llibres,180.56
2025-06-25,Madrid,Joguines,NA
2025-07-26,Madrid,Llibres,274.02
2025-03-10,Barcelona,Joguines,16.52
2025-02-16,Madrid,Llar,432.23
2025-09-19,Alacant,Esport,459.44
2025-04-24,Barcelona,Alimentació,252.98
2025-03-27,Alacant,Roba,71.46
2025-10-27,Saragossa,Llibres,23.58
2025-11-21,Barcelona,Joguines,106.3
2025-04-07,Alacant,Joguines,415.12
2025-05-19,Madrid,Llibres,365.58
2025-03-26,Barcelona,Electrònica,230.1
2025-08-24,Málaga,Electrònica,305.2
2025-04-08,Sevilla,Llibres,248.83
2025-03-13,Bilbao,Alimentació,NA
2025-07-28,Barcelona,Electrònica,459.47
2025-10-25,València,Joguines,495.75
2025-02-15,Alacant,Joguines,278.51
2025-09-01,Barcelona,Alimentació,18.15
2025-01-19,Barcelona,Joguines,277.12
2025-10-17,Alacant,Alimentació,170.26
2025-11-23,València,Llibres,489.61
2025-02-24,Málaga,Electrònica,341.66
2025-07-12,Bilbao,Roba,33.68
2025-05-20,Barcelona,Electrònica,321.45
2025-10-10,Barcelona,Roba,201.52
2025-08-11,Málaga,Esport,498.48
2025-04-06,Málaga,Alimentació,305.25
2025-09-05,Barcelona,Llar,172.16
2025-02-03,Madrid,Electrònica,429.35
2025-05-05,Sevilla,Llar,26.21
2025-06-21,Barcelona,Joguines,248.73
2025-07-14,València,Joguines,262.07
2025-02-04,Girona,Llar,13.89
2025-01-07,Málaga,Electrònica,105.58
2025-07-13,Málaga,Electrònica,382.55
2025-07-05,Saragossa,Electrònica,373.85
2025-02-06,Girona,Roba,181.12
2025-07-17,Sevilla,Llar,245.27
2025-08-14,Girona,Llibres,312.48
2025-09-27,Madrid,Llibres,62.34
2025-05-18,Barcelona,Esport,391.22
2025-06-10,Madrid,Joguines,277.39
2025-09-05,València,Alimentació,190.28
2025-12-04,Barcelona,Llibres,347.1
2025-01-20,Málaga,Esport,284.41
2025-12-03,"Barcelona, ES",Roba,467.81
2025-12-15,Alacant,Esport,204.41
2025-10-23,Sevilla,Llibres,314.12
2025-07-28,Girona,Roba,322.67
2025-10-24,Saragossa,Llibres,427.83
2025-02-17,Madrid,Esport,291.74
2025-11-19,Madrid,Roba,150.73
2025-09-10,Sevilla,Joguines,101.25
2025-03-07,Barcelona,Joguines,410.59
2025-05-25,Barcelona,Llar,282.13
2025-01-14,Bilbao,Electrònica,239.12
2025-07-21,Barcelona,Joguines,446.35
2025-11-15,Barcelona,Alimentació,471.8
2025-12-08,Sevilla,Alimentació,332.96
2025-06-21,Madrid,Esport,449.05
2025-01-27,Málaga,Roba,449.14
2025-07-22,Barcelona,Alimentació,285.3
2025-07-11,Barcelona,Joguines,77.88
2025-10-25,Madrid,Llibres,332.15
2025-02-26,Sevilla,Esport,206.43
2025-02-27,Madrid,Esport,215.85
2025-11-27,Saragossa,Alimentació,404.58
2025-06-19,Madrid,Joguines,422.44
2025-05-13,Sevilla,Alimentació,387.71
2025-09-09,Bilbao,Electrònica,417.1
2025-03-16,Girona,Electrònica,
2025-09-14,Bilbao,Llar,32.3
2025-07-17,Barcelona,Electrònica,408.09
2025-06-27,Alacant,Joguines,
2025-02-13,Sevilla,Esport,44.65
2025-11-20,Barcelona,Llibres,229.3
2025-03-28,Bilbao,Alimentació,474.96
2025-11-14,Bilbao,Electrònica,114.15
2025-05-09,Barcelona,Llar,301.42
2025-07-06,Barcelona,Llar,364.38
2025-07-22,Barcelona,Alimentació,279.95
2025-02-24,Málaga,Llibres,239.7
2025-07-02,Alacant,Esport,302.89
2025-05-01,València,Esport,135.09
2025-04-07,Barcelona,Alimentació,70.67
2025-06-12,Saragossa,Alimentació,458.33
2025-07-04,València,Electrònica,106.43
2025-03-22,Barcelona,Esport,193.02
2025-04-25,València,Joguines,336.47
2025-03-15,València,Esport,191.11
2025-04-07,València,Llibres,157.01
2025-10-02,Saragossa,Alimentació,164.9
2025-03-28,València,Esport,NA
2025-02-14,Madrid,Electrònica,106.42
2025-05-27,Barcelona,Llar,464.2
2025-08-24,"Barcelona, ES",Llibres,458.01
2025-02-01,Málaga,Llibres,248.33
2025-10-18,Málaga,Electrònica,134.24
2025-07-06,Sevilla,Roba,248.2
2025-12-22,Bilbao,Alimentació,433.96
2025-04-28,Málaga,Alimentació,424.8
2025-03-18,Saragossa,Roba,172.54
2025-10-25,València,Llibres,
2025-12-19,Sevilla,Llibres,341.97
2025-02-15,València,Electrònica,469.41
2025-04-13,Sevilla,Joguines,397.24
2025-06-25,Barcelona,Esport,331.16
2025-03-06,Madrid,Roba,83.81
2025-07-22,Málaga,Roba,
2025-06-18,Alacant,Electrònica,205.44
2025-03-24,Barcelona,Llibres,91.24
2025-10-05,Madrid,Llar,378.71
2025-01-18,Sevilla,Joguines,121.43
2025-10-20,Sevilla,Joguines,13.0
2025-03-05,Málaga,Electrònica,400.2
2025-10-23,Saragossa,Llibres,219.41
2025-12-20,Saragossa,Roba,149.47
2025-03-10,Málaga,Roba,306.82
2025-09-21,Barcelona,Electrònica,228.67
2025-09-17,València,Joguines,22.72
2025-11-15,Barcelona,Alimentació,274.26
2025-08-13,València,Esport,330.08
2025-01-20,València,Llar,481.94
2025-02-24,Bilbao,Llar,268.44
2025-07-18,Barcelona,Esport,221.05
2025-08-23,Málaga,Joguines,163.46
2025-10-07,València,Llibres,NA
2025-11-18,Madrid,Esport,
2025-11-06,Saragossa,Joguines,30.68
2025-05-01,Bilbao,Joguines,497.26
2025-07-24,Bilbao,Llibres,23.97
2025-11-04,Barcelona,Esport,374.5
2025-06-09,Madrid,Esport,298.83
2025-04-05,Madrid,Joguines,96.92
2025-04-21,Alacant,Llibres,290.15
2025-05-26,Madrid,Joguines,470.6
2025-09-19,Alacant,Roba,134.06
2025-11-22,Málaga,Alimentació,172.25
2025-08-06,Málaga,Roba,484.47
2025-03-13,Alacant,Alimentació,115.02
2025-09-20,Girona,Roba,430.92
2025-09-04,Sevilla,Llar,17.7
2025-11-16,Sevilla,Llar,281.55
2025-01-20,Madrid,Llar,147.22
2025-05-08,Barcelona,Roba,64.39
2025-11-17,Málaga,Electrònica,61.03
2025-08-20,València,Electrònica,417.35
2025-06-19,Madrid,Joguines,NA
2025-06-07,València,Electrònica,229.57
2025-06-27,Madrid,Electrònica,90.89
2025-10-07,Málaga,Llar,475.56
2025-02-08,"Barcelona, ES",Llar,27.67
2025-10-09,Alacant,Alimentació,323.44
2025-02-10,Alacant,Joguines,389.29
2025-03-15,Madrid,Esport,65.4
2025-10-17,València,Electrònica,418.28
2025-08-01,Madrid,Alimentació,259.56
2025-09-28,Girona,Llar,72.74
2025-06-18,"Barcelona, ES",Joguines,210.96
2025-06-28,Girona,Esport,378.37
2025-09-15,Madrid,Joguines,248.89
2025-06-17,Madrid,Llibres,143.41
2025-11-11,Girona,Llar,399.32
2025-06-26,Saragossa,Esport,253.51
2025-05-20,Málaga,Electrònica,216.91
2025-06-01,Barcelona,Joguines,
2025-01-02,Barcelona,Roba,118.64
2025-11-08,Barcelona,Alimentació,439.3
2025-02-26,Madrid,Roba,7.76
2025-06-16,Barcelona,Alimentació,215.71
2025-12-06,Saragossa,Roba,426.31
2025-09-20,Madrid,Esport,359.79
2025-03-16,Alacant,Llibres,114.93
2025-08-21,"Barcelona, ES",Llibres,323.36
2025-03-24,Barcelona,Roba,492.47
2025-12-06,Alacant,Roba,479.55
2025-09-07,"Barcelona, ES",Alimentació,404.83
2025-02-24,Barcelona,Joguines,104.09
2025-03-27,Bilbao,Llibres,50.84
2025-07-24,Barcelona,Electrònica,210.61
2025-08-06,Barcelona,Esport,16.99
2025-03-25,València,Esport,334.25
2025-03-26,Barcelona,Roba,163.82
2025-12-12,Sevilla,Roba,192.56
2025-10-02,Madrid,Esport,409.25
2025-11-24,València,Llibres,366.13
2025-07-02,Sevilla,Alimentació,480.37
2025-11-16,Barcelona,Llar,103.17
2025-12-24,Madrid,Esport,483.48
2025-01-11,Barcelona,Alimentació,285.6
2025-10-07,Girona,Alimentació,367.74
2025-06-22,Málaga,Electrònica,121.95
2025-09-05,Madrid,Alimentació,185.03
2025-04-26,Sevilla,Esport,280.19
2025-05-09,València,Llar,234.2
2025-12-16,Madrid,Joguines,127.33
2025-01-19,Madrid,Joguines,406.33
2025-08-20,Saragossa,Electrònica,226.18
2025-10-15,Barcelona,Esport,39.59
2025-01-11,Madrid,Esport,265.87
2025-08-24,Barcelona,Llar,409.66
2025-03-19,Alacant,Esport,78.87
2025-11-25,Alacant,Alimentació,201.58
2025-12-28,Barcelona,Alimentació,442.27
2025-05-25,Sevilla,Esport,344.58
2025-08-17,València,Joguines,177.91
2025-04-23,Girona,Llibres,335.34
2025-06-06,Madrid,Esport,35.14
2025-01-07,Barcelona,Roba,196.99
2025-02-27,Sevilla,Joguines,59.19
2025-02-12,Málaga,Alimentació,436.64
2025-10-28,Barcelona,Joguines,290.71
2025-12-19,Girona,Llibres,
2025-05-07,València,Llibres,258.13
2025-01-20,Málaga,Electrònica,496.13
2025-02-07,Saragossa,Llar,483.87
2025-03-13,Barcelona,Alimentació,62.2
2025-03-04,Málaga,Llibres,208.01
2025-11-05,Barcelona,Esport,338.35
2025-02-04,Madrid,Electrònica,94.45
2025-02-20,Saragossa,Llar,174.75
2025-12-17,Girona,Alimentació,313.37
2025-12-07,Barcelona,Esport,193.24
2025-04-18,Barcelona,Alimentació,439.05
2025-05-25,Sevilla,Alimentació,144.61
2025-02-03,Madrid,Joguines,200.42
2025-09-05,Alacant,Joguines,
2025-11-11,Alacant,Alimentació,190.91
2025-01-27,Málaga,Alimentació,186.53
2025-06-24,Madrid,Joguines,372.35
2025-11-01,"Barcelona, ES",Alimentació,286.59
2025-06-05,Girona,Esport,13.46
2025-02-08,Alacant,Electrònica,99.42
2025-06-18,Madrid,Roba,382.47
2025-03-07,Málaga,Roba,444.61
2025-03-01,Barcelona,Llar,214.12
2025-06-20,Barcelona,Alimentació,142.58
2025-03-20,Bilbao,Llar,482.18
2025-07-14,Málaga,Electrònica,69.34
2025-05-17,Bilbao,Electrònica,134.23
2025-03-27,Málaga,Llibres,114.81
2025-12-28,Madrid,Alimentació,NA
2025-01-20,Madrid,Llar,284.39
2025-11-15,Madrid,Joguines,37.12
2025-08-19,Saragossa,Roba,215.46
2025-03-08,Madrid,Joguines,419.2
2025-05-15,València,Electrònica,NA
2025-01-25,Barcelona,Joguines,24.17
2025-01-26,Málaga,Joguines,118.78
2025-08-13,Madrid,Electrònica,214.78
2025-01-18,Barcelona,Electrònica,336.75
2025-08-04,Barcelona,Electrònica,58.55
2025-06-23,Barcelona,Electrònica,26.01
2025-08-04,Madrid,Llar,169.41
2025-01-27,Málaga,Roba,477.17
2025-08-10,Barcelona,Llar,353.51
2025-01-01,Sevilla,Alimentació,430.41
2025-11-12,València,Llibres,130.61
2025-01-07,Barcelona,Electrònica,499.88
2025-04-20,València,Joguines,469.68
2025-05-27,València,Llar,78.71
2025-06-19,Barcelona,Alimentació,351.24
2025-08-01,Barcelona,Roba,215.65
2025-05-11,Bilbao,Electrònica,398.58
2025-01-15,Sevilla,Llibres,457.4
2025-01-01,Girona,Roba,274.22
2025-09-03,Málaga,Esport,429.67
2025-11-23,Madrid,Electrònica,335.52
2025-12-03,Madrid,Alimentació,NA
2025-10-20,València,Joguines,325.06
2025-10-27,València,Llar,266.95
2025-08-21,Madrid,Electrònica,297.21
2025-11-04,"Barcelona, ES",Llar,376.2
2025-02-14,Málaga,Electrònica,245.05
2025-01-16,València,Roba,416.3
2025-06-14,Barcelona,Llibres,260.12
2025-10-20,Madrid,Esport,497.86
2025-08-26,Barcelona,Llibres,135.74
2025-07-28,Alacant,Llibres,111.1
2025-01-17,València,Esport,57.32
2025-07-02,Málaga,Llibres,18.58
2025-11-21,Madrid,Joguines,468.57
2025-02-08,Madrid,Llibres,287.92
2025-10-17,Málaga,Joguines,450.91
2025-02-03,Alacant,Electrònica,271.06
2025-11-19,Alacant,Llibres,408.58
2025-02-18,Alacant,Roba,73.43
2025-02-15,Alacant,Roba,370.04
2025-04-19,Alacant,Esport,466.59
2025-09-06,Barcelona,Electrònica,28.18
2025-08-11,València,Electrònica,94.02
2025-04-13,Sevilla,Roba,50.29
2025-11-22,Barcelona,Alimentació,252.34
2025-10-09,"Barcelona, ES",Esport,282.05
2025-09-05,València,Joguines,471.92
2025-11-28,València,Llibres,NA
2025-01-19,Madrid,Llibres,452.84
2025-02-26,Sevilla,Electrònica,26.79
2025-09-21,Madrid,Llar,447.41
2025-12-18,Sevilla,Roba,180.25
2025-08-19,"Barcelona, ES",Joguines,322.38
2025-03-10,Bilbao,Esport,352.5
2025-05-27,Bilbao,Llar,361.58
2025-10-14,Barcelona,Llar,80.09
2025-08-01,Barcelona,Roba,75.46
2025-06-19,Girona,Joguines,141.23
2025-09-05,Barcelona,Esport,390.44
2025-05-18,València,Llibres,308.97
2025-07-05,Alacant,Llar,495.34
2025-09-15,Bilbao,Electrònica,313.5
2025-02-03,Madrid,Alimentació,60.91
2025-12-08,Madrid,Joguines,321.85
2025-03-27,Málaga,Llibres,120.16
2025-08-24,València,Electrònica,490.6
2025-01-09,Madrid,Esport,169.56
2025-12-01,Málaga,Roba,142.82
2025-05-16,Barcelona,Electrònica,217.31
2025-11-02,Málaga,Llibres,18.99
2025-10-14,València,Electrònica,371.47
2025-12-03,Girona,Alimentació,299.3
2025-10-25,Sevilla,Electrònica,478.43
2025-12-01,Málaga,Llar,77.0
2025-05-03,València,Llar,497.66
2025-04-27,Madrid,Alimentació,315.16
2025-05-18,València,Llibres,403.36
2025-04-23,Alacant,Llar,277.03
2025-05-17,Madrid,Roba,434.03
2025-06-11,Sevilla,Roba,29.4
2025-02-20,Barcelona,Esport,34.0
2025-11-25,València,Roba,464.73
2025-12-02,Madrid,Electrònica,214.13
2025-12-02,Madrid,Esport,386.79
2025-07-07,València,Alimentació,356.13
2025-03-04,València,Roba,301.75
2025-07-16,Barcelona,Electrònica,327.41
2025-05-26,Barcelona,Esport,128.86
2025-01-10,Alacant,Llar,140.62
2025-12-28,Sevilla,Llar,208.18
2025-06-26,València,Alimentació,
2025-05-11,València,Roba,224.33
2025-09-01,Sevilla,Joguines,385.16
2025-04-07,Girona,Joguines,215.45
2025-04-28,Girona,Roba,438.56
2025-03-28,Bilbao,Joguines,351.8
2025-01-04,València,Roba,176.78
2025-01-01,Saragossa,Llibres,428.51
2025-02-06,Barcelona,Alimentació,400.1
2025-07-16,Saragossa,Llar,71.5
2025-06-20,Barcelona,Electrònica,92.55
2025-12-04,Barcelona,Joguines,478.49
2025-09-26,Sevilla,Llar,8.03
2025-09-01,Barcelona,Esport,201.06
2025-12-16,Alacant,Alimentació,44.17
2025-10-20,Málaga,Roba,393.87
2025-01-26,Madrid,Alimentació,207.23
2025-05-28,Barcelona,Joguines,77.9
2025-02-06,Barcelona,Esport,369.03
2025-08-11,Madrid,Roba,366.1
2025-09-02,València,Roba,319.6
2025-06-09,Alacant,Alimentació,66.09
2025-09-23,Girona,Esport,130.34
2025-05-02,Barcelona,Llar,328.15
2025-05-21,València,Llibres,102.42
2025-02-04,Barcelona,Alimentació,357.9
2025-08-10,Girona,Esport,366.83
2025-08-22,Alacant,Llibres,47.01
2025-08-25,València,Alimentació,150.27
2025-11-22,Girona,Llar,99.86
2025-09-18,Madrid,Alimentació,449.38
2025-06-23,Barcelona,Esport,424.16
2025-10-26,Madrid,Alimentació,131.19
2025-12-21,Barcelona,Llar,397.45
2025-04-11,Saragossa,Esport,137.05
2025-04-11,Málaga,Roba,
2025-12-26,Bilbao,Electrònica,359.0
2025-07-15,València,Roba,38.15
2025-07-12,Alacant,Roba,458.81
2025-06-09,Madrid,Electrònica,109.08
2025-09-12,Saragossa,Llar,112.63
2025-12-26,Sevilla,Electrònica,327.2
2025-12-22,Madrid,Llibres,77.81
2025-08-17,València,Roba,368.99
2025-10-19,Sevilla,Esport,389.32
2025-12-20,Barcelona,Roba,353.02
2025-08-04,Madrid,Llar,130.63
2025-04-02,"Barcelona, ES",Joguines,301.12
2025-12-13,Saragossa,Alimentació,452.76
2025-09-21,Madrid,Llar,121.56
2025-10-26,Barcelona,Electrònica,331.47
2025-08-01,València,Joguines,441.37
2025-04-06,Sevilla,Esport,357.29
2025-09-07,Barcelona,Electrònica,NA
2025-02-01,Barcelona,Alimentació,13.06
2025-12-17,Madrid,Llar,27.43
2025-01-17,Málaga,Esport,281.26
2025-11-16,Saragossa,Electrònica,
2025-02-27,Madrid,Roba,51.01
2025-01-24,Madrid,Esport,163.07
2025-04-21,Alacant,Esport,28.45
2025-08-09,València,Joguines,277.41
2025-03-07,Madrid,Llar,296.41
2025-11-26,Barcelona,Electrònica,387.68
2025-01-15,Málaga,Llar,6.74
2025-05-11,Alacant,Esport,417.88
2025-06-01,Málaga,Electrònica,486.36
2025-11-13,València,Electrònica,452.97
2025-07-12,Madrid,Electrònica,353.52
2025-04-10,Barcelona,Llar,54.78
2025-10-27,Alacant,Esport,311.21
2025-01-17,Bilbao,Roba,381.3
2025-07-14,Sevilla,Roba,192.07
2025-12-19,Sevilla,Llar,305.43
2025-01-17,Madrid,Llar,262.42
2025-11-19,Barcelona,Esport,331.9
2025-08-26,Bilbao,Roba,NA
2025-10-14,Barcelona,Llar,286.83
2025-07-01,Saragossa,Alimentació,471.92
2025-03-14,Málaga,Joguines,230.0
2025-11-17,Sevilla,Joguines,193.17
2025-05-03,Sevilla,Electrònica,490.3
2025-10-12,Alacant,Electrònica,183.8
2025-09-11,Alacant,Electrònica,231.17
2025-12-03,Saragossa,Alimentació,195.62
2025-03-26,Barcelona,Esport,418.22
2025-09-05,Madrid,Esport,204.39
2025-03-14,Madrid,Alimentació,471.8
2025-06-17,Sevilla,Llar,NA
2025-12-09,Saragossa,Roba,70.29
2025-09-12,Saragossa,Roba,418.33
2025-06-14,Girona,Alimentació,
2025-10-05,Barcelona,Joguines,416.1
2025-12-19,Barcelona,Llibres,NA
2025-11-13,Madrid,Llibres,207.95
2025-01-15,Barcelona,Joguines,424.57
2025-08-06,València,Esport,444.27
2025-05-01,Barcelona,Llar,472.93
2025-09-06,Barcelona,Roba,123.98
2025-03-14,Barcelona,Esport,398.45
2025-06-01,València,Electrònica,471.77
2025-11-23,Girona,Electrònica,289.31
2025-01-20,Barcelona,Llar,59.06
2025-11-03,Madrid,Llar,440.66
2025-12-12,Madrid,Joguines,223.09
2025-10-05,Barcelona,Electrònica,405.78
2025-10-11,Saragossa,Electrònica,131.93
2025-12-27,Alacant,Electrònica,289.13
2025-05-18,Saragossa,Llibres,406.31
2025-03-26,Sevilla,Llar,279.89
2025-04-28,Málaga,Roba,132.26
2025-08-25,Barcelona,Joguines,479.87
2025-12-17,Alacant,Llar,158.87
2025-09-03,Madrid,Joguines,40.01
2025-05-11,Barcelona,Roba,333.67
2025-07-08,Saragossa,Electrònica,151.9
2025-12-12,València,Esport,412.81
2025-06-28,Alacant,Llar,205.79
2025-05-18,València,Llibres,100.91
2025-09-08,Alacant,Roba,465.82
2025-09-07,Sevilla,Alimentació,117.79
2025-11-28,Madrid,Alimentació,168.77
2025-01-15,Málaga,Roba,199.77
2025-08-20,Madrid,Electrònica,201.55
2025-04-19,Barcelona,Joguines,
2025-01-18,Alacant,Joguines,26.04
2025-11-23,Madrid,Electrònica,302.04
2025-04-04,Alacant,Electrònica,256.22
2025-07-04,Bilbao,Llibres,
2025-06-26,Madrid,Llar,31.72
2025-12-06,Barcelona,Electrònica,312.39
2025-04-11,Málaga,Roba,46.16
2025-03-01,Málaga,Llibres,221.68
2025-06-26,"Barcelona, ES",Esport,481.18
2025-01-06,Málaga,Joguines,459.89
2025-02-11,Barcelona,Alimentació,465.6
2025-06-26,Bilbao,Llibres,222.88
2025-10-11,Barcelona,Roba,NA
2025-08-04,Girona,Llibres,68.92
2025-10-18,Barcelona,Roba,296.99
2025-06-21,Barcelona,Alimentació,415.47
2025-01-01,Alacant,Roba,312.91
2025-05-25,Saragossa,Alimentació,291.59
2025-01-09,Madrid,Electrònica,217.06
2025-09-20,Saragossa,Joguines,40.64
2025-05-21,Bilbao,Electrònica,495.29
2025-06-20,Bilbao,Alimentació,182.79
2025-04-12,Saragossa,Roba,183.87
2025-02-02,Barcelona,Llar,290.92
2025-11-01,València,Llar,454.87
2025-09-02,Barcelona,Llar,241.36
2025-01-25,Saragossa,Alimentació,252.97
2025-12-22,Barcelona,Alimentació,287.29
2025-05-10,Sevilla,Roba,15.15
2025-07-16,València,Joguines,82.8
2025-06-01,Madrid,Llibres,10.47
2025-08-07,Alacant,Roba,449.93
2025-03-10,Barcelona,Esport,293.15
2025-11-06,Bilbao,Esport,78.98
2025-04-10,Madrid,Electrònica,369.93
2025-01-19,Barcelona,Llar,27.97
2025-04-01,Bilbao,Esport,209.93
2025-05-08,Barcelona,Electrònica,199.33
2025-04-26,Barcelona,Electrònica,340.78
2025-08-11,Girona,Esport,491.1
2025-08-11,Málaga,Joguines,89.64
2025-12-19,Girona,Roba,27.98
2025-04-14,Saragossa,Alimentació,442.95
2025-03-15,Madrid,Esport,131.64
2025-08-01,Saragossa,Alimentació,
2025-08-04,Barcelona,Roba,116.7
2025-09-01,Barcelona,Llar,88.28
2025-11-26,Bilbao,Llibres,179.52
2025-09-26,Barcelona,Esport,362.78
2025-11-12,Sevilla,Llar,60.47
2025-07-07,Sevilla,Roba,45.37
2025-10-11,Sevilla,Llar,237.87
2025-12-23,Barcelona,Esport,355.87
2025-06-08,València,Joguines,303.92
2025-04-03,Sevilla,Llar,81.51
2025-10-16,Málaga,Joguines,169.19
2025-05-28,Barcelona,Electrònica,73.36
2025-12-25,València,Electrònica,NA
2025-09-07,Bilbao,Esport,463.68
2025-04-05,Bilbao,Alimentació,NA
2025-02-09,Madrid,Roba,366.92
2025-12-28,Sevilla,Electrònica,487.1
2025-06-19,Bilbao,Alimentació,338.2
2025-12-21,Girona,Alimentació,NA
2025-04-02,Madrid,Llibres,113.41
2025-03-05,Saragossa,Llar,465.53
2025-12-04,Madrid,Llibres,449.76
2025-03-17,Barcelona,Roba,206.54
2025-07-07,Barcelona,Joguines,NA
2025-12-26,Sevilla,Joguines,232.5
2025-07-19,Barcelona,Esport,385.11
2025-11-01,Bilbao,Esport,342.9
2025-11-24,Barcelona,Roba,306.02
2025-03-19,Girona,Esport,472.34
2025-01-09,Madrid,Llibres,141.57
2025-10-13,València,Alimentació,401.72
2025-04-04,València,Electrònica,186.61
2025-09-12,Alacant,Llar,454.17
2025-08-25,Málaga,Electrònica,351.71
2025-03-03,Sevilla,Joguines,184.03
2025-05-19,Madrid,Joguines,153.75
2025-01-15,Alacant,Llar,344.0
2025-10-25,Barcelona,Alimentació,175.18
2025-05-21,Bilbao,Alimentació,69.09
2025-03-13,Barcelona,Joguines,151.28
2025-03-09,Madrid,Llar,460.22
2025-12-11,Alacant,Esport,136.94
2025-03-04,Saragossa,Joguines,443.71
2025-01-18,Girona,Esport,310.76
2025-12-20,Alacant,Alimentació,363.56
2025-12-03,Bilbao,Esport,135.52
2025-04-18,Madrid,Alimentació,361.48
2025-05-15,Alacant,Alimentació,335.02
2025-06-18,Madrid,Alimentació,105.14
2025-01-26,Saragossa,Electrònica,418.05
2025-11-17,València,Electrònica,360.79
2025-06-28,València,Llibres,346.47
2025-11-09,València,Joguines,295.48
2025-12-26,Alacant,Llibres,451.24
2025-11-11,Alacant,Roba,221.11
2025-10-16,Alacant,Roba,465.94
2025-10-25,València,Joguines,108.27
2025-05-05,Barcelona,Roba,15.95
2025-12-01,Sevilla,Joguines,458.95
2025-05-17,Barcelona,Roba,202.55
2025-03-11,"Barcelona, ES",Roba,201.55
2025-08-06,Barcelona,Alimentació,
2025-05-05,Madrid,Joguines,493.71
2025-05-06,Madrid,Joguines,498.86
2025-05-21,Sevilla,Alimentació,449.14
2025-07-27,Barcelona,Joguines,157.93
2025-12-26,Barcelona,Esport,330.6
2025-08-08,Barcelona,Llibres,19.84
2025-11-22,Saragossa,Llar,411.87
2025-03-05,Alacant,Electrònica,276.75
2025-02-18,Madrid,Alimentació,408.74
2025-11-09,Girona,Alimentació,453.39
2025-08-09,Madrid,Llibres,340.96
2025-01-04,València,Llibres,435.5
2025-11-01,Saragossa,Llar,438.28
2025-03-08,Málaga,Llar,290.77
2025-07-22,Madrid,Alimentació,6.69
2025-05-02,Bilbao,Electrònica,316.5
2025-06-27,Barcelona,Llar,36.13
2025-06-11,Bilbao,Llibres,23.0
2025-03-16,Málaga,Alimentació,37.53
2025-03-11,València,Joguines,64.36
2025-01-20,Madrid,Esport,66.09
2025-04-25,València,Joguines,47.99
2025-03-02,Barcelona,Alimentació,176.2
2025-12-05,Sevilla,Llar,361.82
2025-10-21,Barcelona,Llibres,244.9
2025-04-12,Barcelona,Roba,179.36
2025-11-22,Madrid,Alimentació,79.63
2025-12-25,Málaga,Alimentació,99.1
2025-09-20,Bilbao,Electrònica,427.17
2025-12-23,Málaga,Joguines,392.02
2025-04-05,Madrid,Llar,178.25
2025-01-16,València,Electrònica,232.26
2025-09-06,Madrid,Llar,64.79
2025-09-26,Barcelona,Joguines,24.09
2025-01-16,Barcelona,Llar,324.18
2025-09-08,Málaga,Esport,317.9
2025-03-23,Barcelona,Joguines,397.91
2025-11-14,Alacant,Joguines,430.47
2025-07-16,Barcelona,Llar,69.86
2025-04-07,Alacant,Alimentació,84.89
2025-12-17,Barcelona,Electrònica,149.56
2025-03-12,Sevilla,Llibres,285.21
2025-12-27,Bilbao,Llibres,96.15
2025-12-12,València,Llar,444.77
2025-06-07,Madrid,Electrònica,124.91
2025-11-26,Saragossa,Joguines,38.0
2025-11-04,Sevilla,Roba,397.53
2025-05-04,Málaga,Electrònica,161.05
2025-09-10,Girona,Llibres,78.51
2025-11-03,Madrid,Llar,332.24
2025-09-26,Madrid,Llar,414.95
2025-08-22,Madrid,Electrònica,142.04
2025-08-02,Madrid,Roba,400.64
2025-11-22,Barcelona,Electrònica,361.59
2025-02-03,Sevilla,Llibres,216.99
2025-01-19,Alacant,Electrònica,191.11
2025-04-19,Madrid,Esport,403.4
2025-01-16,"Barcelona, ES",Joguines,130.54
2025-07-06,Bilbao,Electrònica,327.75
2025-02-05,Saragossa,Electrònica,41.28
2025-04-19,Madrid,Llibres,473.58
2025-07-15,Sevilla,Llibres,22.99
2025-09-16,Madrid,Alimentació,447.13
2025-04-03,"Barcelona, ES",Joguines,221.74
2025-07-22,Girona,Llar,349.25
2025-09-18,Bilbao,Llibres,179.45
2025-11-07,Alacant,Llibres,458.34
2025-12-10,Barcelona,Esport,386.13
2025-06-10,Barcelona,Esport,393.89
2025-11-11,Barcelona,Electrònica,83.48
2025-10-03,Madrid,Electrònica,245.71
2025-07-09,Alacant,Esport,400.77
2025-05-16,Barcelona,Electrònica,
2025-07-18,València,Roba,334.36
2025-07-16,València,Esport,227.82
2025-05-03,València,Alimentació,177.04
2025-12-02,Madrid,Roba,NA
2025-07-08,Madrid,Llibres,103.59
2025-10-24,Madrid,Roba,310.15
2025-08-15,Barcelona,Llibres,182.26
2025-10-23,Madrid,Roba,348.89
2025-10-15,Saragossa,Alimentació,59.51
2025-09-06,València,Llibres,153.36
2025-02-28,Madrid,Roba,312.28
2025-09-27,Sevilla,Roba,177.6
2025-05-14,Bilbao,Alimentació,168.55
2025-05-28,Málaga,Roba,157.16
2025-05-26,Barcelona,Roba,200.78
2025-10-19,Madrid,Esport,354.32
2025-05-09,Sevilla,Roba,441.05
2025-07-09,Barcelona,Joguines,330.4
2025-09-06,Barcelona,Electrònica,252.75
2025-03-20,Saragossa,Llibres,494.22
2025-11-27,Sevilla,Joguines,293.41
2025-05-04,Madrid,Electrònica,498.86
2025-10-15,Barcelona,Llibres,430.91
2025-01-16,Madrid,Joguines,100.39
2025-11-23,"Barcelona, ES",Roba,401.17
2025-03-28,Girona,Electrònica,26.24
2025-05-19,València,Roba,36.72
2025-12-20,Madrid,Electrònica,75.01
2025-12-28,Madrid,Alimentació,106.0
2025-08-11,Málaga,Joguines,354.95
2025-07-07,Madrid,Roba,420.59
2025-01-18,Alacant,Joguines,288.96
2025-04-03,Madrid,Roba,98.63
2025-12-11,València,Alimentació,115.3
2025-09-18,Madrid,Alimentació,95.87
2025-07-06,Alacant,Llibres,429.7
2025-04-10,València,Alimentació,107.92
2025-02-01,Madrid,Llibres,291.83
2025-09-24,Saragossa,Joguines,391.81
2025-09-27,Barcelona,Esport,494.35
2025-11-11,Saragossa,Alimentació,143.89
2025-10-02,Barcelona,Joguines,325.08
2025-08-15,Málaga,Electrònica,98.22
2025-01-10,Madrid,Roba,NA
2025-04-18,"Barcelona, ES",Joguines,28.23
2025-03-27,Sevilla,Roba,172.48
2025-08-25,Madrid,Joguines,380.59
2025-04-07,Barcelona,Alimentació,120.72
2025-03-01,Barcelona,Llar,58.36
2025-04-01,Madrid,Alimentació,207.1
2025-08-03,Girona,Electrònica,216.75
2025-08-12,Alacant,Electrònica,216.3
2025-08-20,Bilbao,Joguines,128.32
2025-12-02,Barcelona,Llibres,32.74
2025-03-08,Girona,Esport,408.95
2025-03-08,Barcelona,Roba,475.63
2025-03-02,Barcelona,Roba,473.54
2025-10-26,Girona,Joguines,
2025-08-23,Barcelona,Alimentació,70.54
2025-01-12,Barcelona,Joguines,209.73
2025-05-22,Málaga,Llar,479.43
2025-08-21,Bilbao,Llar,133.92
2025-02-20,"Barcelona, ES",Esport,95.52
2025-05-02,Madrid,Llibres,270.73
2025-08-05,"Barcelona, ES",Llar,173.04
2025-02-06,Barcelona,Esport,NA
2025-10-26,Saragossa,Llar,269.22
2025-12-09,Málaga,Llibres,473.84
2025-08-08,Bilbao,Llar,470.54
2025-03-04,Barcelona,Electrònica,64.02
2025-08-17,Barcelona,Llibres,345.74
2025-07-26,Alacant,Esport,NA
2025-02-15,Málaga,Joguines,149.22
2025-01-26,Bilbao,Alimentació,179.5
2025-10-20,Bilbao,Llibres,301.1
2025-12-25,Barcelona,Electrònica,75.34
2025-08-13,Girona,Alimentació,229.93
2025-03-01,Madrid,Roba,60.93
2025-03-13,Saragossa,Llibres,297.6
2025-11-13,Málaga,Alimentació,371.32
2025-01-23,Sevilla,Alimentació,148.5
2025-05-15,Málaga,Joguines,
2025-09-27,Sevilla,Esport,461.61
2025-01-09,València,Joguines,430.79
2025-10-22,Madrid,Esport,40.33
2025-06-07,"Barcelona, ES",Llar,313.84
2025-03-13,València,Llibres,474.08
2025-10-24,Madrid,Alimentació,228.91
2025-08-16,Madrid,Alimentació,182.55
2025-03-01,València,Llar,46.44
2025-10-05,Barcelona,Roba,464.09
2025-03-19,Madrid,Electrònica,433.02
2025-07-07,Barcelona,Esport,379.94
2025-12-19,València,Llar,335.85
2025-03-21,València,Joguines,151.85
2025-03-02,València,Electrònica,133.31
2025-09-01,Bilbao,Esport,101.29
2025-12-04,Madrid,Esport,25.02
2025-05-19,Sevilla,Joguines,428.49
2025-02-27,Bilbao,Alimentació,51.71
2025-03-26,Barcelona,Llibres,333.06
2025-02-23,Madrid,Alimentació,274.0
2025-09-16,Alacant,Roba,56.47
2025-10-04,Sevilla,Roba,33.95
2025-05-10,Girona,Joguines,5.48
2025-07-06,Sevilla,Esport,251.42
2025-11-17,València,Joguines,167.01
2025-12-13,Bilbao,Roba,202.65
2025-05-25,Girona,Esport,69.0
2025-05-22,Barcelona,Esport,465.43
2025-03-06,Barcelona,Alimentació,
2025-12-03,Barcelona,Alimentació,268.29
2025-02-10,Girona,Esport,286.33
2025-12-28,Barcelona,Llar,226.02
2025-07-19,Bilbao,Esport,346.87
2025-02-21,Barcelona,Llibres,369.0
2025-01-02,Madrid,Llar,15.36
2025-12-24,Barcelona,Electrònica,177.18
2025-04-24,Barcelona,Roba,201.03
2025-02-01,Madrid,Electrònica,93.83
2025-04-17,Málaga,Esport,467.98
2025-09-23,Barcelona,Llar,309.89
2025-11-25,Sevilla,Esport,228.3
2025-09-23,València,Joguines,220.89
2025-04-28,Madrid,Joguines,445.32
2025-09-20,Málaga,Llibres,480.07
2025-04-27,València,Llibres,171.43
2025-02-21,Alacant,Joguines,385.14
2025-03-13,València,Alimentació,155.83
2025-02-01,Alacant,Alimentació,255.39
2025-03-07,Málaga,Llibres,54.08
2025-09-28,València,Alimentació,97.48
2025-12-20,Saragossa,Electrònica,166.06
2025-12-23,Barcelona,Llar,52.01
2025-01-14,Girona,Llibres,293.09
2025-01-21,Málaga,Esport,428.87
2025-05-08,Girona,Esport,305.32
2025-07-04,València,Esport,179.41
2025-10-14,Sevilla,Esport,272.8
2025-05-12,Bilbao,Alimentació,13.23
2025-12-27,Saragossa,Llibres,187.48
2025-07-18,Madrid,Alimentació,180.18
2025-02-05,Madrid,Alimentació,256.08
2025-10-06,Madrid,Alimentació,337.23
2025-11-21,Barcelona,Llar,443.86
2025-10-28,Bilbao,Llar,240.21
2025-10-14,València,Roba,221.75
2025-10-13,València,Esport,
2025-10-15,Madrid,Llibres,281.78
2025-11-20,Málaga,Roba,42.26
2025-09-07,"Barcelona, ES",Joguines,154.62
2025-07-15,Madrid,Joguines,472.14
2025-06-07,València,Esport,268.94
2025-07-10,Girona,Esport,
2025-05-11,Barcelona,Esport,321.8
2025-07-01,Madrid,Alimentació,444.38
2025-01-06,València,Llar,NA
2025-07-10,Sevilla,Electrònica,
2025-09-06,Madrid,Joguines,262.44
2025-04-01,Sevilla,Esport,99.03
2025-11-26,Barcelona,Llar,408.33
2025-09-08,Bilbao,Llibres,417.54
2025-12-04,Sevilla,Llar,122.1
2025-03-15,"Barcelona, ES",Electrònica,NA
2025-04-02,Saragossa,Llibres,341.02
2025-02-19,Málaga,Joguines,324.3
2025-01-12,Madrid,Electrònica,384.79
2025-04-27,València,Esport,449.12
2025-05-14,València,Electrònica,242.53
2025-12-01,Bilbao,Esport,210.15
2025-11-26,Barcelona,Electrònica,106.0
2025-06-23,Barcelona,Alimentació,151.34
2025-05-05,Bilbao,Electrònica,140.76
2025-06-14,Sevilla,Llar,190.24
2025-05-02,Madrid,Joguines,62.83
2025-06-20,Sevilla,Joguines,161.14
2025-07-25,Barcelona,Joguines,306.45
2025-06-08,Madrid,Llibres,150.97
2025-01-09,València,Llar,155.27
2025-05-22,"Barcelona, ES",Roba,302.39
2025-06-06,Barcelona,Joguines,269.52
2025-06-01,València,Electrònica,147.3
2025-12-12,Madrid,Alimentació,431.62
2025-10-02,Barcelona,Alimentació,330.91
2025-02-28,Barcelona,Llibres,122.23
2025-11-05,Bilbao,Llar,215.67
2025-05-18,Bilbao,Llibres,176.52
2025-06-23,Saragossa,Esport,94.57
2025-11-10,Barcelona,Joguines,357.84
2025-06-04,València,Esport,187.28
2025-02-15,Barcelona,Roba,266.9
2025-11-02,Madrid,Esport,226.88
2025-05-09,València,Joguines,111.34
2025-03-10,València,Esport,427.32
2025-05-04,Málaga,Joguines,181.42
2025-05-23,"Barcelona, ES",Esport,133.68
2025-10-07,Barcelona,Alimentació,269.49
2025-04-07,Barcelona,Alimentació,437.55
2025-02-23,Barcelona,Joguines,459.63
2025-03-14,Alacant,Esport,269.8
2025-03-26,Málaga,Electrònica,91.17
2025-09-16,Barcelona,Roba,220.22
2025-06-22,Barcelona,Alimentació,347.3
2025-07-11,Málaga,Alimentació,365.82
2025-08-26,"Barcelona, ES",Esport,NA
2025-09-19,Málaga,Roba,241.79
2025-05-09,Málaga,Llar,242.2
2025-12-13,Alacant,Esport,296.48
2025-02-10,Madrid,Joguines,295.89
2025-10-09,Málaga,Llibres,134.69
2025-06-02,Bilbao,Esport,19.35
2025-01-04,Barcelona,Esport,242.45
2025-10-01,Sevilla,Alimentació,343.46
2025-06-06,Barcelona,Electrònica,207.75
2025-09-10,Málaga,Alimentació,197.98
2025-12-17,Girona,Roba,469.89
2025-11-20,Saragossa,Esport,89.49
2025-06-27,Girona,Llar,356.44
2025-06-25,Sevilla,Esport,422.08
2025-01-06,Barcelona,Llar,234.07
2025-09-20,Bilbao,Llibres,420.1
2025-03-10,Sevilla,Alimentació,454.12
2025-08-03,València,Roba,266.91
2025-05-11,"Barcelona, ES",Joguines,463.35
2025-07-16,Girona,Alimentació,198.65
2025-09-04,Barcelona,Llibres,19.69
2025-09-17,Madrid,Llar,61.47
2025-02-19,Madrid,Llar,44.49
2025-06-19,Barcelona,Joguines,
2025-10-22,Málaga,Joguines,316.99
2025-03-27,Barcelona,Llar,188.35
2025-03-18,Málaga,Llar,114.4
2025-06-03,Bilbao,Llibres,254.77
2025-01-25,Saragossa,Llibres,
2025-11-11,Barcelona,Llibres,374.33
2025-02-04,Sevilla,Joguines,10.17
2025-09-05,Málaga,Llar,324.93
2025-06-12,Barcelona,Llibres,289.11
2025-12-17,Madrid,Esport,428.51
2025-12-04,Barcelona,Roba,72.14
2025-04-23,València,Llar,174.91
2025-12-26,"Barcelona, ES",Llar,379.98
2025-03-15,Barcelona,Llibres,361.71
2025-07-19,Madrid,Roba,311.25
2025-12-01,Bilbao,Esport,437.54
2025-07-03,Madrid,Roba,126.92
2025-11-11,Málaga,Joguines,294.47
2025-10-06,Madrid,Joguines,55.12
2025-05-08,València,Llibres,331.71
2025-09-08,València,Alimentació,428.35
2025-09-20,València,Joguines,207.88
2025-06-08,Madrid,Esport,404.58
2025-05-03,Málaga,Llibres,22.31
2025-02-20,Alacant,Llar,165.05
2025-04-11,Sevilla,Joguines,153.31
2025-05-02,Alacant,Electrònica,NA
2025-11-18,Sevilla,Alimentació,110.93
2025-05-05,València,Alimentació,467.15
2025-09-28,Barcelona,Llibres,138.94
2025-02-17,Girona,Alimentació,398.15
2025-01-19,València,Joguines,NA
2025-08-13,Madrid,Joguines,331.34
2025-10-21,Alacant,Electrònica,90.7
2025-09-25,Málaga,Esport,383.8
2025-06-25,Alacant,Electrònica,122.38
2025-06-18,Girona,Llar,248.03
2025-08-09,Málaga,Electrònica,215.29
2025-09-18,Alacant,Joguines,194.95
2025-05-25,Saragossa,Joguines,NA
2025-05-07,Sevilla,Joguines,37.18
2025-08-07,Sevilla,Llar,182.78
2025-09-08,Girona,Alimentació,381.69
2025-08-01,Málaga,Electrònica,9.17
2025-01-20,Málaga,Roba,413.82
2025-07-01,Barcelona,Alimentació,177.6
2025-03-02,Alacant,Electrònica,89.34
2025-04-03,Bilbao,Llibres,227.85
2025-03-01,Madrid,Roba,33.02
2025-12-16,Saragossa,Joguines,54.35
2025-04-06,Madrid,Joguines,277.66
2025-02-02,Bilbao,Llibres,53.9
2025-11-05,Barcelona,Roba,235.48
2025-10-24,Girona,Llar,197.94
2025-05-28,Alacant,Llar,92.84
2025-02-16,Málaga,Joguines,148.36
2025-05-27,Málaga,Llibres,90.33
2025-02-04,Sevilla,Esport,NA
2025-04-10,Madrid,Llar,193.83
2025-01-16,Barcelona,Esport,348.76
2025-03-02,Alacant,Alimentació,20.74
2025-06-25,"Barcelona, ES",Llar,209.98
2025-03-03,Sevilla,Alimentació,274.13
2025-01-01,Madrid,Llar,19.86
2025-02-16,Madrid,Roba,283.73
2025-01-01,"Barcelona, ES",Alimentació,49.29
2025-01-21,València,Alimentació,106.08
2025-07-19,Barcelona,Esport,42.41
2025-07-16,Barcelona,Electrònica,
2025-05-11,Málaga,Llibres,373.02
2025-02-16,Barcelona,Alimentació,496.44
2025-02-16,Málaga,Llar,126.21
2025-01-05,Málaga,Joguines,429.13
2025-03-06,Madrid,Electrònica,12.62
2025-06-06,Madrid,Esport,45.73
2025-12-22,Saragossa,Esport,372.24
2025-08-26,Málaga,Alimentació,16.19
2025-11-06,València,Llibres,51.71
2025-03-16,València,Llibres,410.08
2025-12-18,Barcelona,Llibres,474.27
2025-12-12,Sevilla,Roba,23.34
2025-02-04,Sevilla,Electrònica,465.42
2025-10-27,Barcelona,Joguines,441.02
2025-12-10,Girona,Joguines,209.74
2025-08-18,València,Esport,67.82
2025-08-13,Alacant,Electrònica,138.27
2025-08-09,Barcelona,Llibres,411.33
2025-09-03,Alacant,Electrònica,247.89
2025-10-28,Sevilla,Electrònica,26.59
2025-07-19,Girona,Joguines,412.82
2025-04-13,Bilbao,Llibres,417.63
2025-06-08,Madrid,Roba,138.86
2025-01-17,Barcelona,Alimentació,266.25
2025-06-09,València,Alimentació,9.82
2025-02-06,Barcelona,Llibres,469.71
2025-03-28,Barcelona,Roba,
2025-04-25,Madrid,Electrònica,
2025-09-17,Madrid,Joguines,358.59
2025-07-15,Madrid,Electrònica,6.66
2025-09-19,Girona,Esport,65.05
2025-02-13,"Barcelona, ES",Electrònica,428.66
2025-02-13,Sevilla,Llibres,411.1
2025-03-22,València,Llar,293.08
2025-09-25,Sevilla,Llar,310.8
2025-07-01,Sevilla,Llibres,273.95
2025-02-28,Málaga,Esport,499.99
2025-07-08,Barcelona,Electrònica,408.89
2025-10-17,Madrid,Alimentació,63.78
2025-02-24,Málaga,Llar,52.58
2025-02-11,Barcelona,Esport,187.84
2025-05-11,València,Joguines,403.4
2025-03-01,Barcelona,Roba,334.04
2025-02-12,Barcelona,Joguines,209.37
2025-01-15,Madrid,Esport,128.94
2025-10-23,Madrid,Llar,78.39
2025-01-04,Barcelona,Alimentació,323.76
2025-01-26,Barcelona,Joguines,50.34
2025-09-05,Alacant,Llibres,226.14
2025-05-01,Barcelona,Llar,267.78
2025-09-03,València,Llibres,72.29
2025-04-26,Málaga,Llibres,208.73
2025-03-08,Madrid,Llar,
2025-05-03,Barcelona,Electrònica,282.21
2025-03-18,Saragossa,Electrònica,344.88
2025-02-21,Barcelona,Llibres,176.25
2025-01-10,Bilbao,Llar,20.7
2025-08-20,Barcelona,Electrònica,207.16
2025-01-03,Barcelona,Alimentació,231.85
2025-01-03,Saragossa,Llibres,104.25
2025-03-19,Girona,Llibres,178.67
2025-03-01,Bilbao,Roba,359.09
2025-01-16,Girona,Llar,116.07
2025-12-25,Madrid,Llar,485.47
2025-05-21,Barcelona,Alimentació,212.39
2025-04-28,Bilbao,Llar,17.45
2025-10-03,Madrid,Electrònica,360.99
2025-11-07,Alacant,Roba,78.71
2025-04-12,Sevilla,Llar,499.59
2025-09-06,Barcelona,Roba,375.98
2025-03-27,València,Alimentació,493.5
2025-09-13,Málaga,Llibres,467.8
2025-12-26,València,Alimentació,141.65
2025-02-20,Málaga,Llar,223.79
2025-05-26,Bilbao,Llar,44.86
2025-03-19,Barcelona,Alimentació,23.07
2025-02-26,València,Esport,496.74
2025-03-05,Madrid,Joguines,108.69
2025-01-10,Saragossa,Llibres,276.1
2025-02-05,Barcelona,Joguines,422.52
2025-10-24,Girona,Alimentació,289.54
2025-03-01,Alacant,Llibres,401.51
2025-11-27,Barcelona,Electrònica,356.58
2025-08-25,Barcelona,Esport,77.64
2025-04-01,Málaga,Llar,116.55
2025-11-19,"Barcelona, ES",Esport,253.83
2025-03-24,Barcelona,Esport,401.68
2025-09-01,Alacant,Llar,388.2
2025-06-28,Barcelona,Electrònica,94.96
2025-03-27,Málaga,Roba,376.13
2025-02-26,Saragossa,Alimentació,63.64
2025-07-02,Madrid,Llibres,214.82
2025-04-16,Barcelona,Llibres,436.79
2025-07-02,Alacant,Alimentació,499.75
2025-04-04,Sevilla,Esport,313.33
2025-01-03,Barcelona,Roba,NA
2025-01-07,Madrid,Llar,124.15
2025-12-16,Girona,Esport,382.15
2025-09-14,Barcelona,Llibres,317.02
2025-07-05,Girona,Roba,310.34
2025-01-24,València,Electrònica,146.02
2025-11-15,Málaga,Roba,461.03
2025-11-04,Barcelona,Llar,172.16
2025-03-23,Barcelona,Llar,281.27
2025-11-28,Málaga,Esport,238.48
2025-08-20,Girona,Llibres,60.42
2025-07-04,València,Esport,59.98
2025-10-16,Alacant,Alimentació,105.39
2025-10-25,Sevilla,Llar,247.75
2025-02-18,Barcelona,Roba,24.96
2025-07-18,Málaga,Electrònica,146.96
2025-01-22,Saragossa,Esport,179.19
2025-09-02,Barcelona,Llibres,434.72
2025-04-26,Girona,Alimentació,482.18
2025-03-27,Barcelona,Esport,NA
2025-07-20,Bilbao,Llar,424.22
2025-05-13,Bilbao,Electrònica,224.03
2025-11-12,Barcelona,Esport,126.72
2025-06-23,Girona,Alimentació,32.18
2025-02-27,València,Roba,197.26
2025-01-16,Alacant,Alimentació,27.98
2025-11-17,Girona,Joguines,425.02
2025-12-24,Saragossa,Esport,114.96
2025-03-10,Sevilla,Roba,114.09
2025-01-10,Málaga,Llibres,405.64
2025-02-27,Barcelona,Joguines,77.94
2025-06-03,Madrid,Llibres,404.73
2025-09-13,Saragossa,Llar,126.31
2025-11-28,Alacant,Joguines,158.38
2025-02-03,Barcelona,Electrònica,440.83
2025-05-16,València,Joguines,247.84
2025-10-26,València,Electrònica,127.16
2025-06-11,Girona,Joguines,275.27
2025-02-15,Málaga,Roba,71.32
2025-10-12,Girona,Llar,173.98
2025-05-05,Madrid,Llibres,NA
2025-11-26,Bilbao,Alimentació,194.76
2025-03-10,"Barcelona, ES",Llar,422.08
2025-06-25,Madrid,Joguines,74.97
2025-06-03,València,Electrònica,35.27
2025-09-15,Barcelona,Llar,378.58
2025-08-18,Alacant,Joguines,333.97
2025-01-07,Barcelona,Roba,117.99
2025-01-25,Barcelona,Llar,41.08
2025-05-17,Málaga,Llibres,94.63
2025-01-06,Sevilla,Roba,377.11
2025-11-17,València,Alimentació,97.04
2025-09-27,Madrid,Electrònica,217.16
2025-03-01,València,Llar,76.19
2025-02-28,Málaga,Alimentació,108.08
2025-09-13,València,Llibres,303.85
2025-04-17,València,Esport,305.65
2025-07-22,Saragossa,Joguines,459.67
2025-09-13,Sevilla,Alimentació,348.49
2025-06-25,Madrid,Electrònica,17.57
2025-09-27,Bilbao,Alimentació,290.97
2025-12-03,Alacant,Roba,227.44
2025-05-25,Barcelona,Alimentació,370.24
2025-07-15,Barcelona,Llar,441.51
2025-08-23,Madrid,Roba,426.02
2025-10-23,Málaga,Alimentació,265.85
2025-03-28,Barcelona,Alimentació,376.04
2025-03-15,Saragossa,Alimentació,NA
2025-03-06,Alacant,Alimentació,57.68
2025-02-27,València,Roba,247.6
2025-10-04,Alacant,Electrònica,33.32
2025-05-06,Bilbao,Esport,148.03
2025-09-13,Sevilla,Alimentació,NA
2025-03-04,Málaga,Esport,
2025-10-28,"Barcelona, ES",Alimentació,
2025-03-24,València,Esport,11.89
2025-05-06,Saragossa,Roba,43.33
2025-07-18,Barcelona,Electrònica,442.35
2025-01-07,"Barcelona, ES",Electrònica,101.04
2025-01-11,Saragossa,Electrònica,103.15
2025-03-14,Málaga,Alimentació,143.43
2025-10-08,Málaga,Joguines,84.16
2025-05-26,València,Alimentació,7.64
2025-04-19,Barcelona,Llar,165.92
2025-01-06,Málaga,Esport,409.72
2025-09-11,Barcelona,Esport,304.33
2025-03-15,Saragossa,Joguines,272.75
2025-02-06,Málaga,Electrònica,114.99
2025-11-02,Madrid,Joguines,217.47
2025-03-27,València,Llar,324.71
2025-03-15,Málaga,Esport,181.17
2025-04-19,València,Esport,295.26
2025-01-15,Saragossa,Esport,220.25
2025-01-14,Girona,Roba,424.01
2025-01-06,Barcelona,Electrònica,461.57
2025-10-27,Málaga,Esport,NA
2025-03-25,Barcelona,Roba,472.53
2025-04-20,Barcelona,Roba,457.37
2025-10-08,Barcelona,Alimentació,100.25
2025-04-06,Barcelona,Alimentació,38.28
2025-03-26,Madrid,Llibres,175.31
2025-01-04,Bilbao,Llibres,172.13
2025-06-26,Saragossa,Electrònica,205.39
2025-09-27,Sevilla,Esport,392.77
2025-10-07,Girona,Alimentació,85.29
2025-04-13,Alacant,Esport,8.59
2025-09-01,Madrid,Llibres,499.91
2025-04-04,Barcelona,Joguines,138.76
2025-03-19,Barcelona,Joguines,301.23
2025-06-28,Bilbao,Esport,32.94
2025-03-08,Alacant,Llar,243.16
2025-05-19,Madrid,Alimentació,12.37
2025-03-20,Girona,Roba,285.35
2025-08-11,Bilbao,Joguines,70.56
2025-07-15,Barcelona,Alimentació,189.33
2025-12-13,Barcelona,Llar,140.66
2025-06-05,Bilbao,Esport,202.33
2025-07-04,Málaga,Alimentació,445.73
2025-07-04,València,Joguines,7.23
2025-10-06,Bilbao,Esport,161.13
2025-03-09,Barcelona,Alimentació,36.08
2025-12-08,Málaga,Roba,
2025-02-09,Madrid,Joguines,293.03
2025-02-10,Madrid,Joguines,NA
2025-08-16,Málaga,Llar,134.16
2025-10-05,Madrid,Llibres,69.99
2025-02-17,Sevilla,Llibres,316.0
2025-11-11,Saragossa,Esport,297.4
2025-12-01,Madrid,Esport,25.52
2025-08-21,Madrid,Esport,108.44
2025-04-25,Barcelona,Esport,217.85
2025-02-12,Málaga,Electrònica,236.3
2025-09-22,Madrid,Llar,442.29
2025-06-21,València,Joguines,266.01
2025-04-27,Girona,Alimentació,163.72
2025-07-23,"Barcelona, ES",Alimentació,90.09
2025-12-17,Madrid,Llar,294.33
2025-03-12,Madrid,Alimentació,320.64
2025-06-24,Madrid,Joguines,88.54
2025-03-06,Barcelona,Roba,
2025-02-18,Barcelona,Llibres,467.24
2025-07-06,Girona,Roba,278.47
2025-04-19,Girona,Alimentació,49.87
2025-03-26,Barcelona,Roba,287.02
2025-03-20,Barcelona,Electrònica,329.29
2025-07-06,Málaga,Llar,NA
2025-07-13,Barcelona,Joguines,414.88
2025-01-19,Madrid,Alimentació,241.22
2025-05-21,Barcelona,Llibres,42.06
2025-12-25,Barcelona,Alimentació,382.69
2025-09-20,Barcelona,Alimentació,234.52
2025-02-19,Madrid,Joguines,
2025-01-14,Alacant,Esport,245.5
2025-01-11,València,Llar,344.12
2025-07-27,Málaga,Llar,435.8
2025-07-10,Madrid,Esport,180.22
2025-01-19,Madrid,Llar,139.33
2025-02-15,Málaga,Llibres,115.35
2025-02-07,Alacant,Alimentació,61.76
2025-11-26,Bilbao,Roba,482.67
2025-05-05,Alacant,Llibres,177.74
2025-05-04,Málaga,Alimentació,234.64
2025-11-13,Sevilla,Llar,447.68
2025-01-14,Málaga,Alimentació,304.18
2025-03-20,Alacant,Joguines,217.14
2025-02-16,Madrid,Roba,277.49
2025-01-03,Málaga,Llar,284.49
2025-03-10,Saragossa,Electrònica,147.08
2025-04-15,Madrid,Joguines,385.45
2025-03-08,Madrid,Llar,399.08
2025-09-27,Madrid,Roba,381.62
2025-01-06,Madrid,Roba,188.01
2025-04-13,Málaga,Alimentació,286.07
2025-05-23,València,Alimentació,368.3
2025-05-03,Bilbao,Electrònica,117.43
2025-06-21,Málaga,Llar,137.62
2025-02-13,Saragossa,Alimentació,297.03
2025-01-27,"Barcelona, ES",Esport,241.09
2025-02-09,Saragossa,Electrònica,423.98
2025-11-14,Girona,Roba,255.07
2025-09-09,Madrid,Llar,NA
2025-12-13,Barcelona,Joguines,327.65
2025-06-14,Madrid,Llar,70.03
2025-07-25,Madrid,Esport,451.16
2025-02-12,Bilbao,Llibres,189.52
2025-09-24,Bilbao,Electrònica,78.83
2025-08-23,Barcelona,Joguines,389.65
2025-05-11,Barcelona,Llar,419.63
2025-07-01,Madrid,Alimentació,377.68
2025-07-02,Madrid,Electrònica,127.75
2025-05-14,Sevilla,Alimentació,201.2
2025-11-15,Bilbao,Electrònica,238.15
2025-02-18,Alacant,Alimentació,213.21
2025-08-19,Bilbao,Joguines,12.99
2025-09-15,València,Esport,112.92
2025-06-22,Sevilla,Joguines,NA
2025-08-25,Barcelona,Llar,341.47
2025-03-23,València,Esport,254.34
2025-08-13,Barcelona,Joguines,497.16
2025-06-28,Barcelona,Llibres,287.65
2025-03-27,Barcelona,Llar,NA
2025-11-28,Sevilla,Joguines,43.49
2025-07-22,Saragossa,Electrònica,106.94
2025-01-25,Barcelona,Joguines,465.81
2025-11-01,València,Joguines,92.77
2025-09-27,Bilbao,Llibres,409.12
2025-03-16,Barcelona,Alimentació,164.81
2025-04-25,"Barcelona, ES",Llar,370.08
2025-01-18,València,Joguines,134.9
2025-07-19,Madrid,Electrònica,349.25
2025-09-22,Alacant,Alimentació,48.11
2025-04-11,Madrid,Llibres,14.54
2025-05-12,Girona,Esport,227.57
2025-07-20,Barcelona,Esport,271.61
2025-04-01,Madrid,Esport,479.5
2025-05-08,Sevilla,Esport,142.58
2025-04-26,Barcelona,Alimentació,348.4
2025-12-03,València,Esport,238.38
2025-01-13,Bilbao,Llibres,114.79
2025-02-11,Málaga,Esport,379.02
2025-01-04,Madrid,Joguines,387.34
2025-12-22,Barcelona,Joguines,51.11
2025-01-07,Alacant,Joguines,NA
2025-08-02,Alacant,Alimentació,152.68
2025-08-02,Barcelona,Esport,20.57
2025-11-28,Alacant,Electrònica,204.05
2025-09-06,Bilbao,Llar,327.38
2025-05-27,Madrid,Esport,473.53
2025-11-28,Barcelona,Alimentació,331.59
2025-06-19,Barcelona,Llibres,141.43
2025-02-14,Sevilla,Llar,344.28
2025-12-20,Málaga,Llar,89.89
2025-08-13,València,Electrònica,267.54
2025-01-08,Bilbao,Llar,NA
2025-03-14,Barcelona,Roba,113.08
2025-10-13,Bilbao,Alimentació,170.33
2025-09-22,Málaga,Llar,45.21
2025-01-24,Girona,Joguines,330.59
2025-05-06,Bilbao,Roba,300.35
2025-10-03,Alacant,Alimentació,231.97
2025-04-01,Barcelona,Roba,205.51
2025-12-02,Madrid,Llar,227.19
2025-03-25,Madrid,Llar,423.01
2025-12-10,Barcelona,Roba,383.23
2025-05-17,Girona,Llibres,222.61
2025-06-25,Alacant,Llibres,
2025-04-28,València,Llibres,439.2
2025-09-18,Barcelona,Roba,287.13
2025-08-08,Sevilla,Roba,203.03
2025-03-07,Alacant,Alimentació,193.67
2025-08-20,Girona,Esport,294.73
2025-03-12,Sevilla,Esport,484.06
2025-11-06,Barcelona,Electrònica,97.07
2025-09-13,Barcelona,Llar,68.76
2025-07-14,València,Llar,286.75
2025-07-06,Barcelona,Roba,492.71
2025-10-22,Málaga,Esport,303.59
2025-12-18,Madrid,Roba,368.73
2025-07-18,València,Llibres,307.4
2025-06-25,València,Roba,131.13
2025-03-02,Sevilla,Joguines,448.13
2025-04-04,Madrid,Esport,98.85
2025-10-03,Barcelona,Alimentació,19.52
2025-02-10,Madrid,Llibres,350.71
2025-07-05,Málaga,Llibres,38.33
2025-05-24,Bilbao,Alimentació,436.0
2025-12-19,Barcelona,Roba,106.04
2025-10-16,Madrid,Llibres,237.69
2025-01-19,Bilbao,Llar,417.25
2025-07-10,Barcelona,Joguines,350.16
2025-05-01,Madrid,Llibres,32.53
2025-03-08,Madrid,Alimentació,NA
2025-08-14,València,Joguines,471.92
2025-09-20,València,Esport,414.51
2025-09-27,Barcelona,Joguines,269.3
2025-01-03,València,Roba,467.95
2025-08-20,València,Electrònica,218.15
2025-06-16,Barcelona,Joguines,367.61
2025-05-28,Málaga,Roba,469.99
2025-08-09,Barcelona,Alimentació,482.36
2025-11-07,València,Esport,205.33
2025-01-02,València,Llar,88.93
2025-08-12,Barcelona,Llar,289.92
2025-11-06,Alacant,Alimentació,417.5
2025-12-27,Sevilla,Llibres,103.15
2025-08-07,Madrid,Electrònica,367.22
2025-05-28,Alacant,Roba,146.87
2025-10-01,Girona,Llar,224.75
2025-09-14,Málaga,Joguines,493.29
2025-01-23,Málaga,Llar,389.81
2025-10-03,"Barcelona, ES",Llibres,NA
2025-12-18,Málaga,Roba,349.06
2025-11-06,Málaga,Esport,137.65
2025-07-07,Alacant,Electrònica,41.32
2025-06-17,Barcelona,Roba,44.13
2025-12-26,Barcelona,Joguines,139.27
2025-10-13,Bilbao,Alimentació,62.9
2025-07-02,Bilbao,Joguines,30.04
2025-01-19,Madrid,Joguines,359.83
2025-06-10,Barcelona,Roba,497.26
2025-04-20,Alacant,Llibres,93.21
2025-09-01,Saragossa,Esport,385.63
2025-12-24,Barcelona,Esport,411.28
2025-09-13,Saragossa,Roba,348.22
2025-01-22,València,Esport,
2025-07-11,Barcelona,Llibres,485.56
2025-07-10,Saragossa,Llibres,434.14
2025-12-08,Madrid,Llar,32.47
2025-04-20,Alacant,Roba,15.23
2025-09-02,Girona,Joguines,26.07
2025-12-20,Sevilla,Electrònica,25.31
2025-11-23,Barcelona,Llibres,272.72
2025-12-27,Saragossa,Roba,44.04
2025-04-22,Málaga,Alimentació,192.39
2025-02-11,Sevilla,Esport,28.29
2025-03-26,València,Alimentació,60.16
2025-11-13,Barcelona,Llar,337.76
2025-03-05,Barcelona,Alimentació,237.84
2025-01-16,València,Roba,142.87
2025-08-24,Saragossa,Joguines,NA
2025-09-22,Málaga,Joguines,322.08
2025-04-03,València,Electrònica,374.22
2025-10-19,Madrid,Alimentació,213.51
2025-08-26,Madrid,Llar,206.69
2025-04-11,Saragossa,Esport,6.37
2025-04-01,Barcelona,Llar,269.64
2025-01-05,Madrid,Joguines,226.97
2025-04-13,Sevilla,Electrònica,407.24
2025-07-08,Barcelona,Llar,415.47
2025-06-02,Barcelona,Esport,48.43
2025-11-14,Madrid,Electrònica,295.95
2025-01-28,Madrid,Electrònica,494.28
2025-01-26,Girona,Llibres,
2025-06-05,Barcelona,Roba,345.84
2025-08-25,Madrid,Llar,186.5
2025-02-19,Bilbao,Alimentació,25.62
2025-10-23,Sevilla,Electrònica,483.67
2025-06-27,Alacant,Roba,132.61
2025-05-21,Sevilla,Alimentació,NA
2025-05-24,Sevilla,Esport,146.23
2025-06-08,València,Electrònica,317.16
2025-02-23,Sevilla,Llar,178.44
2025-04-10,Málaga,Joguines,168.43
2025-07-06,Málaga,Esport,188.64
2025-02-16,Bilbao,Electrònica,206.66
2025-01-08,Alacant,Llar,212.9
2025-03-10,Sevilla,Electrònica,151.68
2025-11-05,Girona,Llar,
2025-04-12,"Barcelona, ES",Electrònica,185.76
2025-02-12,Alacant,Llibres,
2025-08-08,Saragossa,Llibres,214.46
2025-02-11,València,Roba,288.18
2025-06-05,Barcelona,Roba,126.42
2025-06-10,València,Roba,NA
2025-07-09,Saragossa,Roba,341.6
2025-06-23,Alacant,Llar,163.06
2025-08-04,Sevilla,Llibres,323.28
2025-09-21,Sevilla,Llar,373.08
2025-05-28,Saragossa,Esport,168.4
2025-02-18,Madrid,Roba,249.97
2025-11-22,Sevilla,Llar,8.42
2025-11-15,Barcelona,Alimentació,496.94
2025-12-16,Málaga,Joguines,273.32
2025-04-28,Barcelona,Llibres,96.88
2025-01-20,Madrid,Llar,98.88
2025-03-23,Saragossa,Llibres,394.14
2025-03-07,Sevilla,Joguines,133.24
2025-03-28,Sevilla,Alimentació,382.73
2025-07-26,Málaga,Llar,430.44
2025-11-06,Madrid,Llar,122.19
2025-12-06,Madrid,Esport,327.59
2025-01-05,Madrid,Alimentació,
2025-02-09,Saragossa,Electrònica,310.34
2025-04-25,"Barcelona, ES",Esport,73.46
2025-05-16,Bilbao,Esport,78.93
2025-10-01,"Barcelona, ES",Llar,163.94
2025-02-11,Málaga,Llibres,448.87
2025-01-15,Madrid,Esport,313.06
2025-04-18,Alacant,Electrònica,
2025-12-27,València,Roba,110.65
2025-03-06,Girona,Llar,363.73
2025-03-05,València,Llar,105.86
2025-02-14,Málaga,Esport,21.72
2025-07-13,Alacant,Llibres,463.13
2025-08-01,Madrid,Roba,NA
2025-07-26,Barcelona,Esport,313.83
2025-05-05,Bilbao,Electrònica,23.61
2025-08-26,Saragossa,Llibres,NA
2025-08-09,Barcelona,Llibres,239.26
2025-06-17,Barcelona,Llar,188.77
2025-01-27,Alacant,Joguines,422.17
2025-04-23,València,Joguines,491.15
2025-11-28,"Barcelona, ES",Llar,398.75
2025-07-24,Barcelona,Esport,160.96
2025-08-21,Sevilla,Electrònica,112.71
2025-10-23,Girona,Llibres,289.29
2025-09-23,Madrid,Esport,132.56
2025-12-17,València,Esport,444.93
2025-06-01,Málaga,Esport,332.61
2025-03-27,València,Joguines,112.16
2025-03-24,Madrid,Esport,193.6
2025-03-04,Barcelona,Esport,467.61
2025-09-26,Bilbao,Llibres,56.64
2025-10-10,Sevilla,Roba,13.06
2025-12-03,Barcelona,Llar,351.01
2025-03-05,Málaga,Joguines,267.87
2025-05-16,Madrid,Joguines,320.3
2025-06-13,Saragossa,Llibres,248.39
2025-09-25,València,Alimentació,68.74
2025-08-17,Bilbao,Llibres,168.26
2025-09-28,Madrid,Llar,195.29
2025-02-24,Barcelona,Llibres,323.0
2025-07-10,València,Esport,486.37
2025-05-13,Barcelona,Llibres,217.05
2025-08-20,Madrid,Joguines,100.43
2025-11-18,Madrid,Electrònica,429.75
2025-08-05,Barcelona,Joguines,420.51
2025-01-19,Málaga,Llar,203.38
2025-01-04,València,Roba,367.57
2025-11-17,València,Roba,334.43
2025-09-13,Madrid,Joguines,444.79
2025-06-04,Alacant,Alimentació,218.32
2025-01-01,Barcelona,Esport,262.9
2025-07-26,Sevilla,Alimentació,33.46
2025-02-14,Madrid,Roba,81.18
2025-05-28,Madrid,Electrònica,296.42
2025-08-10,Barcelona,Joguines,104.85
2025-09-14,Málaga,Llar,
2025-04-27,Madrid,Llar,366.44
2025-08-01,Alacant,Llar,441.54
2025-05-26,Alacant,Alimentació,258.78
2025-07-02,Barcelona,Joguines,367.0
2025-09-20,Girona,Alimentació,NA
2025-10-25,Málaga,Llibres,138.21
2025-10-01,Sevilla,Llar,412.72
2025-08-20,València,Joguines,448.19
2025-08-05,Málaga,Roba,279.84
2025-02-07,Madrid,Esport,11.53
2025-06-02,València,Roba,191.93
2025-12-16,Madrid,Esport,12.01
2025-06-16,Bilbao,Alimentació,340.03
2025-06-19,Málaga,Joguines,74.48
2025-07-01,Barcelona,Esport,77.83
2025-01-26,Madrid,Electrònica,267.57
2025-03-11,Sevilla,Esport,13.69
2025-04-28,Madrid,Electrònica,283.94
2025-08-22,València,Roba,232.84
2025-10-12,Alacant,Electrònica,38.01
2025-07-24,Madrid,Llibres,83.69
2025-01-17,Sevilla,Llibres,305.16
2025-11-17,Málaga,Llibres,469.09
2025-02-19,València,Alimentació,113.79
2025-07-01,Girona,Roba,191.49
2025-10-25,Madrid,Llar,242.88
2025-09-07,Barcelona,Llar,6.23
2025-07-06,Málaga,Alimentació,322.91
2025-11-03,Madrid,Joguines,447.29
2025-02-15,Sevilla,Alimentació,77.61
2025-07-27,Madrid,Roba,210.09
2025-09-19,Málaga,Llar,121.61
2025-08-24,Barcelona,Llibres,227.9
2025-09-19,Barcelona,Alimentació,117.86
2025-11-27,Sevilla,Electrònica,399.31
2025-07-11,Málaga,Joguines,273.37
2025-11-15,Barcelona,Esport,235.68
2025-08-19,Madrid,Roba,396.58
2025-07-16,Madrid,Alimentació,43.31
2025-09-18,Bilbao,Electrònica,375.73
2025-08-17,Barcelona,Esport,249.59
2025-01-18,Sevilla,Roba,306.22
2025-12-21,Madrid,Llar,109.0
2025-05-18,València,Llar,16.31
2025-03-01,Saragossa,Llar,122.71
2025-07-22,Barcelona,Electrònica,394.24
2025-10-01,Bilbao,Roba,275.86
2025-09-04,Barcelona,Esport,272.31
2025-11-13,Málaga,Joguines,257.82
2025-03-27,"Barcelona, ES",Llibres,8.49
2025-07-13,Saragossa,Joguines,23.14
2025-02-02,València,Alimentació,390.77
2025-10-18,Barcelona,Esport,119.33
2025-05-23,València,Joguines,155.38
2025-08-02,Madrid,Roba,NA
2025-08-11,València,Esport,261.69
2025-12-28,Madrid,Alimentació,346.81
2025-01-26,València,Alimentació,384.14
2025-11-07,Barcelona,Roba,26.14
2025-06-15,Saragossa,Electrònica,323.64
2025-09-16,Bilbao,Llibres,115.21
2025-05-23,Málaga,Roba,NA
2025-06-17,Sevilla,Electrònica,159.12
2025-05-16,Alacant,Llibres,55.69
2025-03-08,Alacant,Joguines,29.36
2025-07-18,Alacant,Electrònica,376.28
2025-09-20,Barcelona,Electrònica,221.77
2025-08-20,València,Electrònica,75.35
2025-11-10,"Barcelona, ES",Llibres,216.04
2025-05-09,València,Llar,150.26
2025-04-27,Girona,Llibres,477.12
2025-01-03,València,Alimentació,242.48
2025-08-17,Bilbao,Joguines,293.23
2025-08-12,València,Alimentació,353.13
2025-03-22,València,Electrònica,481.06
2025-12-07,Saragossa,Alimentació,48.92
2025-09-12,Alacant,Llibres,86.02
2025-04-08,Barcelona,Electrònica,496.37
2025-06-03,Sevilla,Llibres,271.08
2025-10-14,"Barcelona, ES",Electrònica,455.64
2025-05-10,"Barcelona, ES",Joguines,131.03
2025-03-24,Barcelona,Llibres,181.58
2025-05-21,Barcelona,Llibres,371.66
2025-10-04,València,Llar,
2025-01-06,Málaga,Electrònica,51.55
2025-10-18,Barcelona,Joguines,446.16
2025-02-08,"Barcelona, ES",Roba,335.48
2025-07-23,Málaga,Llibres,409.56
2025-04-23,València,Llar,369.29
2025-03-19,"Barcelona, ES",Joguines,205.51
2025-11-21,Alacant,Alimentació,19.19
2025-03-14,Alacant,Llibres,466.75
2025-01-19,Saragossa,Esport,410.49
2025-02-18,Málaga,Llar,232.54
2025-10-24,Madrid,Llar,476.51
2025-01-05,Alacant,Llibres,124.05
2025-03-26,Alacant,Electrònica,425.27
2025-03-05,Saragossa,Alimentació,296.25
2025-01-03,Málaga,Alimentació,486.11
2025-09-08,Málaga,Llar,371.48
2025-02-16,Málaga,Esport,79.11
2025-05-09,"Barcelona, ES",Electrònica,18.32
2025-03-07,Madrid,Joguines,231.67
2025-07-12,València,Roba,405.46
2025-01-04,Sevilla,Alimentació,68.48
2025-04-03,Sevilla,Joguines,368.86
2025-11-13,Málaga,Llibres,293.41
2025-03-21,Barcelona,Llibres,426.15
2025-05-26,Barcelona,Esport,NA
2025-04-28,Alacant,Joguines,6.23
2025-03-24,"Barcelona, ES",Roba,362.39
2025-04-27,Alacant,Roba,463.05
2025-05-18,València,Alimentació,455.75
2025-04-19,Barcelona,Llar,478.57
2025-02-09,Alacant,Roba,370.77
2025-02-12,Saragossa,Roba,103.0
2025-06-03,Barcelona,Llibres,231.7
2025-09-15,Sevilla,Roba,71.34
2025-12-01,Madrid,Esport,125.71
2025-08-21,València,Electrònica,30.62
2025-09-26,Madrid,Electrònica,NA
2025-12-23,Sevilla,Alimentació,107.03
2025-02-11,Barcelona,Electrònica,219.4
2025-09-14,Barcelona,Electrònica,12.32
2025-09-03,Sevilla,Electrònica,NA
2025-11-13,Bilbao,Roba,68.79
2025-08-27,Barcelona,Llibres,419.74
2025-03-28,València,Esport,125.97
2025-12-03,Madrid,Roba,372.81
2025-01-13,Barcelona,Alimentació,96.58
2025-09-14,Málaga,Llibres,170.89
2025-12-01,Saragossa,Joguines,147.71
2025-02-04,Madrid,Alimentació,
2025-07-16,Barcelona,Roba,163.28
2025-10-19,Barcelona,Electrònica,203.89
2025-04-07,Málaga,Esport,72.16
2025-03-09,Barcelona,Roba,488.77
2025-03-06,Bilbao,Electrònica,74.22
2025-01-04,Alacant,Llibres,27.95
2025-02-04,Girona,Roba,108.49
2025-10-04,Barcelona,Llibres,94.86
2025-07-04,"Barcelona, ES",Alimentació,300.86
2025-06-27,Málaga,Llibres,67.49
2025-05-06,València,Roba,152.48
2025-08-14,"Barcelona, ES",Alimentació,258.44
2025-07-07,Madrid,Llibres,NA
2025-10-12,Madrid,Joguines,336.66
2025-11-28,Málaga,Roba,277.32
2025-11-12,Barcelona,Llar,181.32
2025-02-11,Saragossa,Llar,205.12
2025-06-19,Málaga,Roba,449.13
2025-03-12,"Barcelona, ES",Joguines,34.99
2025-07-14,Madrid,Roba,496.35
2025-04-08,València,Esport,83.83
2025-08-25,Alacant,Roba,199.93
2025-12-11,Bilbao,Roba,292.38
2025-12-23,Alacant,Alimentació,440.94
2025-10-18,Málaga,Llibres,148.37
2025-12-25,Alacant,Llar,79.61
2025-02-11,València,Alimentació,432.39
2025-12-14,Alacant,Llibres,465.95
2025-06-09,Madrid,Llibres,276.52
2025-09-24,València,Llibres,209.41
2025-02-13,Saragossa,Alimentació,237.84
2025-11-08,Bilbao,Joguines,275.46
2025-11-03,València,Roba,338.54
2025-09-03,Barcelona,Joguines,102.38
2025-08-03,Barcelona,Electrònica,108.07
2025-03-13,Barcelona,Llibres,415.9
2025-01-04,Madrid,Esport,243.58
2025-09-23,Barcelona,Alimentació,141.17
2025-04-04,Barcelona,Electrònica,202.12
2025-04-19,Girona,Joguines,201.45
2025-06-21,Madrid,Alimentació,495.79
2025-11-06,Madrid,Llibres,376.57
2025-04-27,Barcelona,Electrònica,375.29
2025-10-28,"Barcelona, ES",Llibres,10.62
2025-07-27,Sevilla,Esport,44.56
2025-11-04,Barcelona,Llar,194.72
2025-05-19,València,Esport,494.84
2025-01-14,Saragossa,Esport,167.68
2025-10-04,Barcelona,Llar,178.2
2025-10-01,Barcelona,Joguines,286.0
2025-05-24,Sevilla,Joguines,101.37
2025-04-09,Alacant,Alimentació,334.61
2025-08-22,"Barcelona, ES",Llibres,398.31
2025-05-02,Málaga,Esport,136.32
2025-12-02,Alacant,Joguines,302.25
2025-01-03,Alacant,Esport,203.23
2025-05-19,Bilbao,Esport,46.1
2025-01-02,Málaga,Llibres,84.97
2025-01-05,Sevilla,Joguines,427.34
2025-02-13,Málaga,Electrònica,40.82
2025-10-20,Barcelona,Roba,477.61
2025-04-09,València,Llibres,154.67
2025-05-05,Alacant,Alimentació,41.97
2025-01-23,València,Llibres,419.48
2025-10-04,Barcelona,Esport,44.52
2025-08-04,Málaga,Electrònica,62.42
2025-03-26,Saragossa,Esport,463.48
2025-01-05,Madrid,Llar,7.13
2025-09-18,"Barcelona, ES",Electrònica,64.02
2025-09-15,Málaga,Roba,454.78
2025-12-03,Girona,Esport,220.89
2025-09-12,València,Roba,97.82
2025-02-08,Sevilla,Electrònica,NA
2025-11-16,Madrid,Electrònica,192.58
2025-10-10,Barcelona,Llibres,177.43
2025-01-03,Saragossa,Electrònica,112.81
2025-01-14,Sevilla,Llar,96.85
2025-02-14,Sevilla,Joguines,87.77
2025-06-06,Girona,Llar,447.24
2025-01-05,Bilbao,Roba,405.32
2025-12-15,Sevilla,Esport,141.58
2025-09-12,València,Esport,287.26
2025-10-08,Alacant,Electrònica,297.47
2025-11-23,Saragossa,Llar,469.84
2025-07-07,Madrid,Joguines,443.82
2025-03-15,Bilbao,Electrònica,197.91
2025-03-25,Bilbao,Llar,133.2
2025-01-16,Barcelona,Electrònica,430.22
2025-11-09,Barcelona,Alimentació,
2025-07-17,Bilbao,Llar,134.04
2025-12-17,València,Joguines,7.55
2025-11-27,València,Esport,337.8
2025-02-16,Barcelona,Alimentació,
2025-07-06,Barcelona,Llibres,178.83
2025-11-06,Barcelona,Alimentació,94.59
2025-09-05,Madrid,Esport,166.74
2025-03-17,Barcelona,Esport,152.09
2025-01-09,Barcelona,Llibres,137.65
2025-10-26,Barcelona,Roba,55.38
2025-02-08,Madrid,Electrònica,473.12
2025-06-07,Madrid,Joguines,464.18
2025-03-25,Bilbao,Esport,413.69
2025-07-10,Barcelona,Llibres,182.9
2025-08-18,Alacant,Esport,264.47
2025-01-05,Alacant,Electrònica,16.75
2025-05-04,Bilbao,Joguines,168.07
2025-05-03,Bilbao,Joguines,394.39
2025-09-25,Málaga,Llibres,237.42
2025-07-26,València,Llibres,68.8
2025-01-06,Barcelona,Esport,463.54
2025-04-01,Madrid,Joguines,490.76
2025-09-21,Saragossa,Electrònica,117.54
2025-09-19,Girona,Llibres,114.85
2025-11-20,Saragossa,Llibres,465.93
2025-04-27,Saragossa,Esport,162.87
2025-06-18,Madrid,Roba,393.2
2025-10-19,Madrid,Joguines,
2025-05-06,Sevilla,Llibres,
2025-07-20,Alacant,Esport,346.29
2025-06-05,Sevilla,Joguines,12.31
2025-02-24,Barcelona,Roba,124.09
2025-08-25,Madrid,Llar,46.08
2025-06-05,València,Electrònica,212.04
2025-09-03,Madrid,Esport,NA
2025-06-08,Bilbao,Esport,242.06
2025-07-20,Bilbao,Llibres,201.9
2025-05-10,València,Joguines,455.15
2025-06-26,Málaga,Electrònica,339.28
2025-04-24,Barcelona,Roba,154.23
2025-01-25,Barcelona,Electrònica,67.38
2025-02-24,Madrid,Alimentació,202.17
2025-02-11,Sevilla,Roba,423.69
2025-10-01,Madrid,Joguines,405.45
2025-01-06,Madrid,Roba,123.39
2025-04-08,Bilbao,Esport,339.45
2025-05-12,Barcelona,Alimentació,164.47
2025-09-26,Barcelona,Llar,143.37
2025-03-20,València,Alimentació,346.63
2025-10-03,València,Electrònica,475.88
2025-10-05,Málaga,Electrònica,206.6
2025-09-25,Barcelona,Electrònica,124.17
2025-03-13,Madrid,Alimentació,495.31
2025-01-13,Madrid,Alimentació,377.0
2025-04-04,Málaga,Esport,27.35
2025-09-25,Alacant,Roba,
2025-03-02,València,Llibres,57.59
2025-04-21,Madrid,Roba,247.26
2025-08-03,Bilbao,Electrònica,NA
2025-01-06,Saragossa,Llibres,54.23
2025-03-06,Málaga,Llar,340.12
2025-12-16,Barcelona,Llibres,485.06
2025-05-01,Saragossa,Esport,406.89
2025-03-08,Barcelona,Joguines,364.84
2025-04-05,Girona,Electrònica,327.19
2025-08-15,Málaga,Esport,146.01
2025-07-10,València,Roba,224.75
2025-12-04,Bilbao,Joguines,340.45
2025-12-04,Alacant,Llibres,251.98
2025-07-23,València,Electrònica,331.12
2025-11-25,València,Alimentació,
2025-10-06,Sevilla,Joguines,163.97
2025-09-02,València,Electrònica,314.35
2025-03-05,Madrid,Llibres,241.84
2025-09-22,Alacant,Electrònica,413.82
2025-11-14,Barcelona,Alimentació,103.22
2025-08-04,Sevilla,Esport,435.16
2025-07-27,Bilbao,Llibres,258.75
2025-07-08,Málaga,Electrònica,423.67
2025-10-10,Barcelona,Electrònica,
2025-12-08,València,Roba,126.6
2025-09-19,Málaga,Alimentació,353.0
2025-02-07,Barcelona,Llar,331.06
2025-09-28,Madrid,Esport,485.59
2025-09-23,Madrid,Llar,104.84
2025-11-16,València,Esport,492.79
2025-04-17,Barcelona,Electrònica,141.02
2025-01-27,Madrid,Roba,216.85
2025-05-06,València,Joguines,114.06
2025-06-03,"Barcelona, ES",Llar,143.43
2025-06-08,Alacant,Alimentació,418.04
2025-11-13,Madrid,Joguines,237.28
2025-07-09,Sevilla,Esport,215.8
2025-03-09,"Barcelona, ES",Esport,186.97
2025-02-01,Madrid,Llibres,7.88
2025-07-19,Barcelona,Esport,194.62
2025-06-28,Barcelona,Joguines,433.85
2025-03-25,València,Llar,93.76
2025-04-24,Madrid,Electrònica,294.23
2025-04-09,Saragossa,Roba,41.11
2025-10-04,Madrid,Joguines,188.77
2025-01-06,Barcelona,Alimentació,249.25
2025-09-28,Saragossa,Joguines,366.31
2025-01-10,Málaga,Llar,234.5
2025-03-12,Barcelona,Esport,329.44
2025-08-01,Barcelona,Llibres,71.31
2025-05-15,Sevilla,Joguines,492.6
2025-03-25,Madrid,Llar,441.01
2025-12-02,Alacant,Llibres,161.74
2025-12-13,València,Joguines,10.82
2025-04-14,Bilbao,Llibres,432.13
2025-09-14,Barcelona,Electrònica,73.47
2025-03-01,Málaga,Joguines,NA
2025-12-22,Sevilla,Esport,67.62
2025-05-25,Alacant,Esport,496.46
2025-04-14,Málaga,Llibres,16.36
2025-09-06,Alacant,Llibres,205.71
2025-12-24,Bilbao,Llibres,9.32
2025-06-21,Saragossa,Esport,445.87
2025-10-05,Barcelona,Roba,143.57
2025-12-27,Barcelona,Joguines,134.47
2025-06-25,Málaga,Esport,190.23
2025-11-28,Barcelona,Electrònica,149.43
2025-02-16,Madrid,Esport,447.82
2025-11-02,Sevilla,Electrònica,264.34
2025-09-19,Bilbao,Llibres,146.49
2025-11-03,Barcelona,Electrònica,36.62
2025-07-13,Málaga,Roba,110.72
2025-06-07,Sevilla,Llibres,259.95
2025-04-16,Madrid,Roba,29.72
2025-01-20,Bilbao,Electrònica,260.58
2025-06-13,Madrid,Electrònica,408.74
2025-09-09,Barcelona,Esport,NA
2025-08-26,Málaga,Electrònica,305.12
2025-12-18,Bilbao,Alimentació,55.9
2025-02-04,Madrid,Llar,400.42
2025-07-04,Barcelona,Esport,416.64
2025-08-12,Sevilla,Llibres,333.68
2025-03-14,Barcelona,Joguines,NA
2025-06-28,Barcelona,Esport,98.85
2025-06-21,Sevilla,Esport,166.94
2025-12-05,Sevilla,Alimentació,123.51
2025-04-19,Bilbao,Joguines,85.73
2025-03-13,València,Alimentació,453.18
2025-12-16,Madrid,Electrònica,168.47
2025-05-14,València,Llar,107.97
2025-04-01,Barcelona,Esport,83.01
2025-08-06,València,Llar,282.29
2025-11-08,Madrid,Electrònica,406.45
2025-12-02,Barcelona,Alimentació,188.46
2025-05-14,Barcelona,Alimentació,
2025-09-15,Málaga,Electrònica,284.33
2025-08-05,Málaga,Joguines,
2025-08-25,Málaga,Esport,423.08
2025-08-26,València,Llar,475.31
2025-02-04,Málaga,Esport,162.92
2025-12-24,València,Esport,103.22
2025-10-02,Barcelona,Electrònica,28.78
2025-03-23,Málaga,Alimentació,339.19
2025-08-07,Málaga,Electrònica,331.03
2025-12-22,València,Llar,311.43
2025-12-14,Alacant,Llibres,317.29
2025-02-13,Madrid,Esport,387.08
2025-07-25,València,Roba,NA
2025-10-24,Saragossa,Esport,101.41
2025-05-01,Barcelona,Llibres,84.93
2025-05-05,Alacant,Llar,185.44
2025-08-20,Barcelona,Llibres,419.71
2025-10-03,Girona,Alimentació,353.19
2025-08-01,Madrid,Roba,125.41
2025-01-25,Barcelona,Llar,295.44
2025-02-11,Barcelona,Llibres,39.28
2025-12-27,Málaga,Llar,
2025-09-02,Barcelona,Roba,360.3
2025-11-09,Málaga,Roba,432.44
2025-04-08,Madrid,Esport,107.47
2025-08-03,Bilbao,Electrònica,204.45
2025-10-03,Málaga,Llar,448.64
2025-09-14,Alacant,Llar,341.0
2025-04-26,Barcelona,Alimentació,497.48
2025-08-23,Barcelona,Llibres,185.61
2025-09-05,Madrid,Esport,429.86
2025-10-06,Alacant,Llar,148.6
2025-01-26,Barcelona,Llibres,74.92
2025-09-13,Bilbao,Electrònica,374.41
2025-01-11,Barcelona,Electrònica,172.27
2025-04-27,Barcelona,Electrònica,327.59
2025-12-02,Málaga,Llibres,494.23
2025-06-14,Málaga,Alimentació,357.82
2025-04-26,Barcelona,Electrònica,NA
2025-01-19,Barcelona,Joguines,121.22
2025-09-15,Sevilla,Llibres,
2025-05-28,Málaga,Electrònica,323.63
2025-04-11,Saragossa,Roba,274.16
2025-10-25,Barcelona,Llibres,NA
2025-12-08,Barcelona,Roba,318.51
2025-07-14,Barcelona,Joguines,89.34
2025-11-01,València,Joguines,492.6
2025-11-21,València,Electrònica,492.15
2025-10-10,Girona,Llibres,385.71
2025-01-28,Madrid,Llibres,496.79
2025-02-02,Alacant,Llibres,109.99
2025-12-08,Barcelona,Esport,465.28
2025-10-15,Bilbao,Roba,51.86
2025-10-04,Girona,Alimentació,305.17
2025-08-14,Girona,Roba,379.95
2025-02-13,"Barcelona, ES",Llar,434.05
2025-09-16,València,Joguines,330.81
2025-09-26,Alacant,Llar,219.06
2025-09-22,Bilbao,Electrònica,329.1
2025-11-06,València,Llar,83.66
